1.00000000000000e+001,-4.38644187733715e+001,-9.00127752858451e+001
1.02329299228075e+001,-4.36644187814214e+001,-9.00130728604727e+001
1.04712854805090e+001,-4.34644187898507e+001,-9.00133773665032e+001
1.07151930523761e+001,-4.32644187986773e+001,-9.00136889653899e+001
1.09647819614319e+001,-4.30644188079198e+001,-9.00140078223464e+001
1.12201845430196e+001,-4.28644188175979e+001,-9.00143341064349e+001
1.14815362149688e+001,-4.26644188277321e+001,-9.00146679906555e+001
1.17489755493953e+001,-4.24644188383440e+001,-9.00150096520380e+001
1.20226443461741e+001,-4.22644188494560e+001,-9.00153592717357e+001
1.23026877081238e+001,-4.20644188610916e+001,-9.00157170351215e+001
1.25892541179417e+001,-4.18644188732756e+001,-9.00160831318861e+001
1.28824955169313e+001,-4.16644188860339e+001,-9.00164577561390e+001
1.31825673855641e+001,-4.14644188993934e+001,-9.00168411065107e+001
1.34896288259165e+001,-4.12644189133825e+001,-9.00172333862586e+001
1.38038426460288e+001,-4.10644189280310e+001,-9.00176348033744e+001
1.41253754462275e+001,-4.08644189433698e+001,-9.00180455706948e+001
1.44543977074593e+001,-4.06644189594314e+001,-9.00184659060139e+001
1.47910838816821e+001,-4.04644189762501e+001,-9.00188960321990e+001
1.51356124843621e+001,-4.02644189938614e+001,-9.00193361773084e+001
1.54881661891248e+001,-4.00644190123026e+001,-9.00197865747128e+001
1.58489319246111e+001,-3.98644190316130e+001,-9.00202474632188e+001
1.62181009735893e+001,-3.96644190518335e+001,-9.00207190871953e+001
1.65958690743756e+001,-3.94644190730069e+001,-9.00212016967034e+001
1.69824365246174e+001,-3.92644190951782e+001,-9.00216955476290e+001
1.73780082874937e+001,-3.90644191183944e+001,-9.00222009018180e+001
1.77827941003892e+001,-3.88644191427047e+001,-9.00227180272159e+001
1.81970085860998e+001,-3.86644191681607e+001,-9.00232471980090e+001
1.86208713666287e+001,-3.84644191948165e+001,-9.00237886947704e+001
1.90546071796325e+001,-3.82644192227285e+001,-9.00243428046087e+001
1.94984459975804e+001,-3.80644192519559e+001,-9.00249098213200e+001
1.99526231496888e+001,-3.78644192825608e+001,-9.00254900455437e+001
2.04173794466953e+001,-3.76644193146081e+001,-9.00260837849220e+001
2.08929613085404e+001,-3.74644193481657e+001,-9.00266913542631e+001
2.13796208950223e+001,-3.72644193833048e+001,-9.00273130757078e+001
2.18776162394955e+001,-3.70644194201000e+001,-9.00279492789008e+001
2.23872113856834e+001,-3.68644194586292e+001,-9.00286003011650e+001
2.29086765276777e+001,-3.66644194989743e+001,-9.00292664876805e+001
2.34422881531992e+001,-3.64644195412208e+001,-9.00299481916677e+001
2.39883291901949e+001,-3.62644195854584e+001,-9.00306457745746e+001
2.45470891568503e+001,-3.60644196317808e+001,-9.00313596062682e+001
2.51188643150958e+001,-3.58644196802862e+001,-9.00320900652311e+001
2.57039578276886e+001,-3.56644197310777e+001,-9.00328375387615e+001
2.63026799189538e+001,-3.54644197842629e+001,-9.00336024231792e+001
2.69153480392691e+001,-3.52644198399547e+001,-9.00343851240351e+001
2.75422870333816e+001,-3.50644198982711e+001,-9.00351860563270e+001
2.81838293126445e+001,-3.48644199593359e+001,-9.00360056447187e+001
2.88403150312660e+001,-3.46644200232785e+001,-9.00368443237659e+001
2.95120922666638e+001,-3.44644200902347e+001,-9.00377025381466e+001
3.01995172040201e+001,-3.42644201603465e+001,-9.00385807428961e+001
3.09029543251359e+001,-3.40644202337625e+001,-9.00394794036492e+001
3.16227766016838e+001,-3.38644203106385e+001,-9.00403989968864e+001
3.23593656929628e+001,-3.36644203911375e+001,-9.00413400101870e+001
3.31131121482591e+001,-3.34644204754304e+001,-9.00423029424872e+001
3.38844156139202e+001,-3.32644205636959e+001,-9.00432883043451e+001
3.46736850452531e+001,-3.30644206561211e+001,-9.00442966182109e+001
3.54813389233575e+001,-3.28644207529023e+001,-9.00453284187042e+001
3.63078054770101e+001,-3.26644208542446e+001,-9.00463842528975e+001
3.71535229097172e+001,-3.24644209603630e+001,-9.00474646806061e+001
3.80189396320561e+001,-3.22644210714826e+001,-9.00485702746850e+001
3.89045144994280e+001,-3.20644211878391e+001,-9.00497016213324e+001
3.98107170553497e+001,-3.18644213096793e+001,-9.00508593204010e+001
4.07380277804112e+001,-3.16644214372617e+001,-9.00520439857154e+001
4.16869383470335e+001,-3.14644215708568e+001,-9.00532562453982e+001
4.26579518801592e+001,-3.12644217107481e+001,-9.00544967422025e+001
4.36515832240165e+001,-3.10644218572323e+001,-9.00557661338529e+001
4.46683592150962e+001,-3.08644220106200e+001,-9.00570650933942e+001
4.57088189614874e+001,-3.06644221712367e+001,-9.00583943095483e+001
4.67735141287197e+001,-3.04644223394229e+001,-9.00597544870793e+001
4.78630092322638e+001,-3.02644225155356e+001,-9.00611463471670e+001
4.89778819368445e+001,-3.00644226999482e+001,-9.00625706277897e+001
5.01187233627271e+001,-2.98644228930519e+001,-9.00640280841148e+001
5.12861383991364e+001,-2.96644230952562e+001,-9.00655194888998e+001
5.24807460249772e+001,-2.94644233069902e+001,-9.00670456329018e+001
5.37031796370252e+001,-2.92644235287028e+001,-9.00686073252965e+001
5.49540873857624e+001,-2.90644237608645e+001,-9.00702053941075e+001
5.62341325190348e+001,-2.88644240039675e+001,-9.00718406866452e+001
5.75439937337156e+001,-2.86644242585277e+001,-9.00735140699560e+001
5.88843655355588e+001,-2.84644245250848e+001,-9.00752264312820e+001
6.02559586074357e+001,-2.82644248042044e+001,-9.00769786785315e+001
6.16595001861481e+001,-2.80644250964785e+001,-9.00787717407601e+001
6.30957344480192e+001,-2.78644254025271e+001,-9.00806065686635e+001
6.45654229034654e+001,-2.76644257229992e+001,-9.00824841350814e+001
6.60693448007595e+001,-2.74644260585747e+001,-9.00844054355132e+001
6.76082975391980e+001,-2.72644264099653e+001,-9.00863714886459e+001
6.91830970918935e+001,-2.70644267779165e+001,-9.00883833368943e+001
7.07945784384136e+001,-2.68644271632086e+001,-9.00904420469532e+001
7.24435960074988e+001,-2.66644275666590e+001,-9.00925487103633e+001
7.41310241300916e+001,-2.64644279891233e+001,-9.00947044440898e+001
7.58577575029182e+001,-2.62644284314977e+001,-9.00969103911144e+001
7.76247116628690e+001,-2.60644288947206e+001,-9.00991677210415e+001
7.94328234724279e+001,-2.58644293797744e+001,-9.01014776307179e+001
8.12830516164097e+001,-2.56644298876880e+001,-9.01038413448676e+001
8.31763771102669e+001,-2.54644304195388e+001,-9.01062601167411e+001
8.51138038202374e+001,-2.52644309764549e+001,-9.01087352287795e+001
8.70963589956078e+001,-2.50644315596176e+001,-9.01112679932945e+001
8.91250938133743e+001,-2.48644321702638e+001,-9.01138597531642e+001
9.12010839355907e+001,-2.46644328096887e+001,-9.01165118825447e+001
9.33254300796988e+001,-2.44644334792488e+001,-9.01192257875989e+001
9.54992586021433e+001,-2.42644341803641e+001,-9.01220029072416e+001
9.77237220955808e+001,-2.40644349145219e+001,-9.01248447139025e+001
9.99999999999997e+001,-2.38644356832793e+001,-9.01277527143067e+001
1.02329299228075e+002,-2.36644364882670e+001,-9.01307284502731e+001
1.04712854805090e+002,-2.34644373311925e+001,-9.01337734995322e+001
1.07151930523760e+002,-2.32644382138436e+001,-9.01368894765622e+001
1.09647819614318e+002,-2.30644391380926e+001,-9.01400780334444e+001
1.12201845430196e+002,-2.28644401059000e+001,-9.01433408607397e+001
1.14815362149688e+002,-2.26644411193184e+001,-9.01466796883839e+001
1.17489755493953e+002,-2.24644421804976e+001,-9.01500962866053e+001
1.20226443461741e+002,-2.22644432916883e+001,-9.01535924668627e+001
1.23026877081238e+002,-2.20644444552475e+001,-9.01571700828053e+001
1.25892541179416e+002,-2.18644456736433e+001,-9.01608310312558e+001
1.28824955169313e+002,-2.16644469494599e+001,-9.01645772532151e+001
1.31825673855640e+002,-2.14644482854035e+001,-9.01684107348916e+001
1.34896288259165e+002,-2.12644496843078e+001,-9.01723335087536e+001
1.38038426460288e+002,-2.10644511491400e+001,-9.01763476546064e+001
1.41253754462275e+002,-2.08644526830070e+001,-9.01804553006949e+001
1.44543977074592e+002,-2.06644542891624e+001,-9.01846586248311e+001
1.47910838816820e+002,-2.04644559710130e+001,-9.01889598555486e+001
1.51356124843620e+002,-2.02644577321260e+001,-9.01933612732834e+001
1.54881661891248e+002,-2.00644595762371e+001,-9.01978652115825e+001
1.58489319246111e+002,-1.98644615072576e+001,-9.02024740583404e+001
1.62181009735892e+002,-1.96644635292834e+001,-9.02071902570645e+001
1.65958690743755e+002,-1.94644656466033e+001,-9.02120163081698e+001
1.69824365246174e+002,-1.92644678637084e+001,-9.02169547703040e+001
1.73780082874937e+002,-1.90644701853013e+001,-9.02220082617032e+001
1.77827941003892e+002,-1.88644726163062e+001,-9.02271794615790e+001
1.81970085860998e+002,-1.86644751618794e+001,-9.02324711115381e+001
1.86208713666286e+002,-1.84644778274202e+001,-9.02378860170348e+001
1.90546071796324e+002,-1.82644806185824e+001,-9.02434270488576e+001
1.94984459975804e+002,-1.80644835412861e+001,-9.02490971446495e+001
1.99526231496887e+002,-1.78644866017307e+001,-9.02548993104647e+001
2.04173794466952e+002,-1.76644898064072e+001,-9.02608366223607e+001
2.08929613085403e+002,-1.74644931621131e+001,-9.02669122280279e+001
2.13796208950222e+002,-1.72644966759658e+001,-9.02731293484569e+001
2.18776162394954e+002,-1.70645003554184e+001,-9.02794912796441e+001
2.23872113856833e+002,-1.68645042082750e+001,-9.02860013943379e+001
2.29086765276776e+002,-1.66645082427076e+001,-9.02926631438246e+001
2.34422881531991e+002,-1.64645124672732e+001,-9.02994800597562e+001
2.39883291901948e+002,-1.62645168909322e+001,-9.03064557560205e+001
2.45470891568502e+002,-1.60645215230672e+001,-9.03135939306548e+001
2.51188643150957e+002,-1.58645263735029e+001,-9.03208983678039e+001
2.57039578276885e+002,-1.56645314525269e+001,-9.03283729397236e+001
2.63026799189537e+002,-1.54645367709118e+001,-9.03360216088304e+001
2.69153480392690e+002,-1.52645423399377e+001,-9.03438484297997e+001
2.75422870333816e+002,-1.50645481714163e+001,-9.03518575517115e+001
2.81838293126444e+002,-1.48645542777159e+001,-9.03600532202468e+001
2.88403150312659e+002,-1.46645606717876e+001,-9.03684397799343e+001
2.95120922666637e+002,-1.44645673671929e+001,-9.03770216764499e+001
3.01995172040200e+002,-1.42645743781322e+001,-9.03858034589688e+001
3.09029543251358e+002,-1.40645817194752e+001,-9.03947897825726e+001
3.16227766016837e+002,-1.38645894067921e+001,-9.04039854107123e+001
3.23593656929627e+002,-1.36645974563870e+001,-9.04133952177276e+001
3.31131121482590e+002,-1.34646058853322e+001,-9.04230241914256e+001
3.38844156139201e+002,-1.32646147115043e+001,-9.04328774357186e+001
3.46736850452530e+002,-1.30646239536225e+001,-9.04429601733228e+001
3.54813389233574e+002,-1.28646336312880e+001,-9.04532777485205e+001
3.63078054770100e+002,-1.26646437650254e+001,-9.04638356299848e+001
3.71535229097171e+002,-1.24646543763266e+001,-9.04746394136706e+001
3.80189396320559e+002,-1.22646654876961e+001,-9.04856948257725e+001
3.89045144994279e+002,-1.20646771226989e+001,-9.04970077257504e+001
3.98107170553495e+002,-1.18646893060101e+001,-9.05085841094259e+001
4.07380277804111e+002,-1.16647020634677e+001,-9.05204301121492e+001
4.16869383470333e+002,-1.14647154221269e+001,-9.05325520120403e+001
4.26579518801591e+002,-1.12647294103176e+001,-9.05449562333040e+001
4.36515832240164e+002,-1.10647440577048e+001,-9.05576493496224e+001
4.46683592150961e+002,-1.08647593953509e+001,-9.05706380876243e+001
4.57088189614873e+002,-1.06647754557817e+001,-9.05839293304360e+001
4.67735141287196e+002,-1.04647922730558e+001,-9.05975301213131e+001
4.78630092322636e+002,-1.02648098828360e+001,-9.06114476673561e+001
4.89778819368444e+002,-1.00648283224656e+001,-9.06256893433116e+001
5.01187233627270e+002,-9.86484763104695e+000,-9.06402626954611e+001
5.12861383991362e+002,-9.66486784952471e+000,-9.06551754455985e+001
5.24807460249770e+002,-9.46488902077235e+000,-9.06704354951001e+001
5.37031796370250e+002,-9.26491118968315e+000,-9.06860509290874e+001
5.49540873857622e+002,-9.06493440326518e+000,-9.07020300206852e+001
5.62341325190346e+002,-8.86495871074097e+000,-9.07183812353777e+001
5.75439937337154e+002,-8.66498416365172e+000,-9.07351132354648e+001
5.88843655355586e+002,-8.46501081596653e+000,-9.07522348846197e+001
6.02559586074355e+002,-8.26503872419662e+000,-9.07697552525507e+001
6.16595001861479e+002,-8.06506794751512e+000,-9.07876836197707e+001
6.30957344480190e+002,-7.86509854788230e+000,-9.08060294824743e+001
6.45654229034652e+002,-7.66513059017677e+000,-9.08248025575267e+001
6.60693448007592e+002,-7.46516414233292e+000,-9.08440127875668e+001
6.76082975391978e+002,-7.26519927548470e+000,-9.08636703462253e+001
6.91830970918933e+002,-7.06523606411620e+000,-9.08837856434629e+001
7.07945784384134e+002,-6.86527458621935e+000,-9.09043693310284e+001
7.24435960074986e+002,-6.66531492345898e+000,-9.09254323080420e+001
7.41310241300914e+002,-6.46535716134567e+000,-9.09469857267038e+001
7.58577575029180e+002,-6.26540138941668e+000,-9.09690409981326e+001
7.76247116628688e+002,-6.06544770142542e+000,-9.09916097983356e+001
7.94328234724277e+002,-5.86549619553980e+000,-9.10147040743141e+001
8.12830516164095e+002,-5.66554697454990e+000,-9.10383360503057e+001
8.31763771102666e+002,-5.46560014608538e+000,-9.10625182341670e+001
8.51138038202372e+002,-5.26565582284311e+000,-9.10872634239005e+001
8.70963589956076e+002,-5.06571412282547e+000,-9.11125847143269e+001
8.91250938133741e+002,-4.86577516958984e+000,-9.11384955039071e+001
9.12010839355905e+002,-4.66583909250981e+000,-9.11650095017165e+001
9.33254300796986e+002,-4.46590602704859e+000,-9.11921407345748e+001
9.54992586021431e+002,-4.26597611504532e+000,-9.12199035543341e+001
9.77237220955805e+002,-4.06604950501473e+000,-9.12483126453289e+001
9.99999999999994e+002,-3.86612635246088e+000,-9.12773830319911e+001
1.02329299228075e+003,-3.66620682020562e+000,-9.13071300866331e+001
1.04712854805089e+003,-3.46629107873239e+000,-9.13375695374016e+001
1.07151930523760e+003,-3.26637930654615e+000,-9.13687174764074e+001
1.09647819614318e+003,-3.06647169055018e+000,-9.14005903680317e+001
1.12201845430196e+003,-2.86656842644047e+000,-9.14332050574150e+001
1.14815362149688e+003,-2.66666971911861e+000,-9.14665787791296e+001
1.17489755493952e+003,-2.46677578312395e+000,-9.15007291660412e+001
1.20226443461741e+003,-2.26688684308600e+000,-9.15356742583606e+001
1.23026877081237e+003,-2.06700313419798e+000,-9.15714325128918e+001
1.25892541179416e+003,-1.86712490271243e+000,-9.16080228124769e+001
1.28824955169313e+003,-1.66725240646009e+000,-9.16454644756434e+001
1.31825673855640e+003,-1.46738591539284e+000,-9.16837772664566e+001
1.34896288259165e+003,-1.26752571215212e+000,-9.17229814045795e+001
1.38038426460288e+003,-1.06767209266379e+000,-9.17630975755456e+001
1.41253754462275e+003,-8.67825366760726e-001,-9.18041469412458e+001
1.44543977074592e+003,-6.67985858834417e-001,-9.18461511506344e+001
1.47910838816820e+003,-4.68153908516949e-001,-9.18891323506557e+001
1.51356124843620e+003,-2.68329871394666e-001,-9.19331131973969e+001
1.54881661891247e+003,-6.85141197550637e-002,-9.19781168674672e+001
1.58489319246110e+003,1.31292956631605e-001,-9.20241670696091e+001
1.62181009735892e+003,3.31090949694417e-001,-9.20712880565431e+001
1.65958690743755e+003,5.30879432205919e-001,-9.21195046370493e+001
1.69824365246173e+003,7.30657956886534e-001,-9.21688421882887e+001
1.73780082874936e+003,9.30426055467475e-001,-9.22193266683660e+001
1.77827941003891e+003,1.13018323771028e+000,-9.22709846291382e+001
1.81970085860997e+003,1.32992899038092e+000,-9.23238432292687e+001
1.86208713666286e+003,1.52966277617650e+000,-9.23779302475317e+001
1.90546071796323e+003,1.72938403260244e+000,-9.24332740963666e+001
1.94984459975803e+003,1.92909217079775e+000,-9.24899038356859e+001
1.99526231496887e+003,2.12878657430616e+000,-9.25478491869362e+001
2.04173794466952e+003,2.32846659779074e+000,-9.26071405474155e+001
2.08929613085403e+003,2.52813156568929e+000,-9.26678090048456e+001
2.13796208950222e+003,2.72778077080802e+000,-9.27298863522018e+001
2.18776162394954e+003,2.92741347285062e+000,-9.27934051027994e+001
2.23872113856832e+003,3.12702889687997e+000,-9.28583985056357e+001
2.29086765276776e+003,3.32662623170944e+000,-9.29249005609893e+001
2.34422881531991e+003,3.52620462822062e+000,-9.29929460362732e+001
2.39883291901947e+003,3.72576319760432e+000,-9.30625704821405e+001
2.45470891568501e+003,3.92530100952132e+000,-9.31338102488422e+001
2.51188643150956e+003,4.12481709017958e+000,-9.32067025028315e+001
2.57039578276885e+003,4.32431042032404e+000,-9.32812852436128e+001
2.63026799189536e+003,4.52377993313529e+000,-9.33575973208318e+001
2.69153480392690e+003,4.72322451203316e+000,-9.34356784515992e+001
2.75422870333815e+003,4.92264298838117e+000,-9.35155692380443e+001
2.81838293126443e+003,5.12203413908743e+000,-9.35973111850915e+001
2.88403150312659e+003,5.32139668409779e+000,-9.36809467184507e+001
2.95120922666636e+003,5.52072928377641e+000,-9.37665192028139e+001
3.01995172040199e+003,5.72003053616917e+000,-9.38540729602477e+001
3.09029543251357e+003,5.91929897414487e+000,-9.39436532887704e+001
3.16227766016836e+003,6.11853306240922e+000,-9.40353064811016e+001
3.23593656929626e+003,6.31773119438615e+000,-9.41290798435695e+001
3.31131121482589e+003,6.51689168896123e+000,-9.42250217151617e+001
3.38844156139200e+003,6.71601278708125e+000,-9.43231814867012e+001
3.46736850452529e+003,6.91509264820427e+000,-9.44236096201294e+001
3.54813389233573e+003,7.11412934659418e+000,-9.45263576678756e+001
3.63078054770099e+003,7.31312086745330e+000,-9.46314782922897e+001
3.71535229097170e+003,7.51206510288683e+000,-9.47390252851128e+001
3.80189396320558e+003,7.71095984769239e+000,-9.48490535869607e+001
3.89045144994278e+003,7.90980279496794e+000,-9.49616193067872e+001
3.98107170553494e+003,8.10859153153108e+000,-9.50767797412985e+001
4.07380277804110e+003,8.30732353314249e+000,-9.51945933942807e+001
4.16869383470332e+003,8.50599615952619e+000,-9.53151199958045e+001
4.26579518801589e+003,8.70460664917926e+000,-9.54384205212638e+001
4.36515832240162e+003,8.90315211396293e+000,-9.55645572102060e+001
4.46683592150960e+003,9.10162953346769e+000,-9.56935935849035e+001
4.57088189614871e+003,9.30003574914406e+000,-9.58255944686150e+001
4.67735141287194e+003,9.49836745819096e+000,-9.59606260034820e+001
4.78630092322634e+003,9.69662120719359e+000,-9.60987556679974e+001
4.89778819368442e+003,9.89479338550227e+000,-9.62400522939828e+001
5.01187233627268e+003,1.00928802183440e+001,-9.63845860830052e+001
5.12861383991361e+003,1.02908777596578e+001,-9.65324286221559e+001
5.24807460249768e+003,1.04887818846462e+001,-9.66836528991137e+001
5.37031796370248e+003,1.06865882820336e+001,-9.68383333164042e+001
5.49540873857620e+003,1.08842924460223e+001,-9.69965457047644e+001
5.62341325190344e+003,1.10818896679407e+001,-9.71583673355136e+001
5.75439937337152e+003,1.12793750275710e+001,-9.73238769318252e+001
5.88843655355584e+003,1.14767433841522e+001,-9.74931546787876e+001
6.02559586074353e+003,1.16739893670483e+001,-9.76662822321347e+001
6.16595001861477e+003,1.18711073660745e+001,-9.78433427255178e+001
6.30957344480188e+003,1.20680915214740e+001,-9.80244207761851e+001
6.45654229034650e+003,1.22649357135392e+001,-9.82096024889237e+001
6.60693448007590e+003,1.24616335518692e+001,-9.83989754581125e+001
6.76082975391976e+003,1.26581783642603e+001,-9.85926287677237e+001
6.91830970918931e+003,1.28545631852211e+001,-9.87906529891020e+001
7.07945784384132e+003,1.30507807441106e+001,-9.89931401763413e+001
7.24435960074984e+003,1.32468234528944e+001,-9.92001838590672e+001
7.41310241300911e+003,1.34426833935165e+001,-9.94118790324232e+001
7.58577575029177e+003,1.36383523048854e+001,-9.96283221440507e+001
7.76247116628685e+003,1.38338215694748e+001,-9.98496110778374e+001
7.94328234724275e+003,1.40290821995399e+001,-1.00075845134201e+002
8.12830516164092e+003,1.42241248229517e+001,-1.00307125006664e+002
8.31763771102664e+003,1.44189396686555e+001,-1.00543552754459e+002
8.51138038202369e+003,1.46135165517583e+001,-1.00785231770900e+002
8.70963589956073e+003,1.48078448582563e+001,-1.01032266747239e+002
8.91250938133738e+003,1.50019135294116e+001,-1.01284763631712e+002
9.12010839355902e+003,1.51957110457934e+001,-1.01542829583482e+002
9.33254300796983e+003,1.53892254110004e+001,-1.01806572921156e+002
9.54992586021428e+003,1.55824441350836e+001,-1.02076103065553e+002
9.77237220955802e+003,1.57753542176942e+001,-1.02351530476397e+002
9.99999999999991e+003,1.59679421309821e+001,-1.02632966582585e+002
1.02329299228075e+004,1.61601938022773e+001,-1.02920523705683e+002
1.04712854805089e+004,1.63520945965897e+001,-1.03214314976284e+002
1.07151930523760e+004,1.65436292989658e+001,-1.03514454242874e+002
1.09647819614318e+004,1.67347820967498e+001,-1.03821055972829e+002
1.12201845430195e+004,1.69255365617966e+001,-1.04134235145175e+002
1.14815362149687e+004,1.71158756326950e+001,-1.04454107134736e+002
1.17489755493952e+004,1.73057815970617e+001,-1.04780787587297e+002
1.20226443461740e+004,1.74952360739741e+001,-1.05114392285424e+002
1.23026877081237e+004,1.76842199966185e+001,-1.05455037004565e+002
1.25892541179416e+004,1.78727135952325e+001,-1.05802837359094e+002
1.28824955169312e+004,1.80606963804339e+001,-1.06157908637967e+002
1.31825673855640e+004,1.82481471270300e+001,-1.06520365629645e+002
1.34896288259164e+004,1.84350438584136e+001,-1.06890322436028e+002
1.38038426460287e+004,1.86213638316567e+001,-1.07267892275091e+002
1.41253754462274e+004,1.88070835234230e+001,-1.07653187272017e+002
1.44543977074591e+004,1.89921786168286e+001,-1.08046318238611e+002
1.47910838816819e+004,1.91766239893865e+001,-1.08447394440853e+002
1.51356124843619e+004,1.93603937021828e+001,-1.08856523354474e+002
1.54881661891247e+004,1.95434609904355e+001,-1.09273810408526e+002
1.58489319246110e+004,1.97257982556005e+001,-1.09699358716959e+002
1.62181009735891e+004,1.99073770591923e+001,-1.10133268798295e+002
1.65958690743755e+004,2.00881681184971e+001,-1.10575638283582e+002
1.69824365246173e+004,2.02681413043627e+001,-1.11026561612893e+002
1.73780082874936e+004,2.04472656412521e+001,-1.11486129720723e+002
1.77827941003891e+004,2.06255093097593e+001,-1.11954429710765e+002
1.81970085860997e+004,2.08028396517837e+001,-1.12431544520637e+002
1.86208713666285e+004,2.09792231785649e+001,-1.12917552577282e+002
1.90546071796323e+004,2.11546255817834e+001,-1.13412527443866e+002
1.94984459975803e+004,2.13290117479277e+001,-1.13916537459165e+002
1.99526231496886e+004,2.15023457761313e+001,-1.14429645370557e+002
2.04173794466951e+004,2.16745909996748e+001,-1.14951907961908e+002
2.08929613085402e+004,2.18457100113466e+001,-1.15483375677774e+002
2.13796208950221e+004,2.20156646928414e+001,-1.16024092245546e+002
2.18776162394953e+004,2.21844162483699e+001,-1.16574094297269e+002
2.23872113856832e+004,2.23519252426353e+001,-1.17133410993105e+002
2.29086765276775e+004,2.25181516433152e+001,-1.17702063648511e+002
2.34422881531990e+004,2.26830548681692e+001,-1.18280065367413e+002
2.39883291901947e+004,2.28465938368653e+001,-1.18867420683788e+002
2.45470891568501e+004,2.30087270275950e+001,-1.19464125214237e+002
2.51188643150956e+004,2.31694125385124e+001,-1.20070165324242e+002
2.57039578276884e+004,2.33286081540011e+001,-1.20685517810970e+002
2.63026799189536e+004,2.34862714157355e+001,-1.21310149605549e+002
2.69153480392689e+004,2.36423596984598e+001,-1.21944017497867e+002
2.75422870333814e+004,2.37968302903678e+001,-1.22587067886988e+002
2.81838293126443e+004,2.39496404779179e+001,-1.23239236560329e+002
2.88403150312658e+004,2.41007476348690e+001,-1.23900448504742e+002
2.95120922666636e+004,2.42501093152741e+001,-1.24570617752639e+002
3.01995172040199e+004,2.43976833501142e+001,-1.25249647266211e+002
3.09029543251356e+004,2.45434279472023e+001,-1.25937428862703e+002
3.16227766016835e+004,2.46873017939361e+001,-1.26633843183592e+002
3.23593656929625e+004,2.48292641624220e+001,-1.27338759710286e+002
3.31131121482588e+004,2.49692750164449e+001,-1.28052036828782e+002
3.38844156139199e+004,2.51072951197073e+001,-1.28773521945410e+002
3.46736850452528e+004,2.52432861447156e+001,-1.29503051655530e+002
3.54813389233572e+004,2.53772107816495e+001,-1.30240451966631e+002
3.63078054770098e+004,2.55090328465142e+001,-1.30985538576949e+002
3.71535229097169e+004,2.56387173878419e+001,-1.31738117210237e+002
3.80189396320557e+004,2.57662307911865e+001,-1.32497984006910e+002
3.89045144994277e+004,2.58915408806372e+001,-1.33264925971233e+002
3.98107170553493e+004,2.60146170165664e+001,-1.34038721473775e+002
4.07380277804108e+004,2.61354301888313e+001,-1.34819140807767e+002
4.16869383470331e+004,2.62539531046503e+001,-1.35605946797491e+002
4.26579518801588e+004,2.63701602704016e+001,-1.36398895456288e+002
4.36515832240161e+004,2.64840280666125e+001,-1.37197736691226e+002
4.46683592150958e+004,2.65955348154503e+001,-1.38002215050967e+002
4.57088189614870e+004,2.67046608400696e+001,-1.38812070512883e+002
4.67735141287193e+004,2.68113885152286e+001,-1.39627039304979e+002
4.78630092322633e+004,2.69157023086495e+001,-1.40446854757814e+002
4.89778819368441e+004,2.70175888126723e+001,-1.41271248181185e+002
5.01187233627267e+004,2.71170367658278e+001,-1.42099949760056e+002
5.12861383991359e+004,2.72140370640412e+001,-1.42932689463942e+002
5.24807460249767e+004,2.73085827612648e+001,-1.43769197963771e+002
5.37031796370247e+004,2.74006690594324e+001,-1.44609207550108e+002
5.49540873857619e+004,2.74902932877190e+001,-1.45452453046592e+002
5.62341325190343e+004,2.75774548711843e+001,-1.46298672712428e+002
5.75439937337151e+004,2.76621552889707e+001,-1.47147609127900e+002
5.88843655355583e+004,2.77443980223175e+001,-1.47999010056967e+002
6.02559586074351e+004,2.78241884927374e+001,-1.48852629281313e+002
6.16595001861475e+004,2.79015339907842e+001,-1.49708227400404e+002
6.30957344480186e+004,2.79764435959157e+001,-1.50565572592544e+002
6.45654229034648e+004,2.80489280880210e+001,-1.51424441332234e+002
6.60693448007589e+004,2.81189998512462e+001,-1.52284619059611e+002
6.76082975391974e+004,2.81866727707981e+001,-1.53145900798202e+002
6.91830970918929e+004,2.82519621234524e+001,-1.54008091717717e+002
7.07945784384130e+004,2.83148844625239e+001,-1.54871007639112e+002
7.24435960074982e+004,2.83754574980786e+001,-1.55734475479696e+002
7.41310241300909e+004,2.84336999731862e+001,-1.56598333636540e+002
7.58577575029175e+004,2.84896315370111e+001,-1.57462432307010e+002
7.76247116628683e+004,2.85432726155432e+001,-1.58326633745706e+002
7.94328234724272e+004,2.85946442807526e+001,-1.59190812457610e+002
8.12830516164090e+004,2.86437681189401e+001,-1.60054855327677e+002
8.31763771102661e+004,2.86906660990250e+001,-1.60918661687555e+002
8.51138038202367e+004,2.87353604414849e+001,-1.61782143320493e+002
8.70963589956071e+004,2.87778734886265e+001,-1.62645224405877e+002
8.91250938133735e+004,2.88182275768243e+001,-1.63507841405133e+002
9.12010839355899e+004,2.88564449113263e+001,-1.64369942891037e+002
9.33254300796980e+004,2.88925474441790e+001,-1.65231489322674e+002
9.54992586021425e+004,2.89265567557776e+001,-1.66092452768539e+002
9.77237220955799e+004,2.89584939405050e+001,-1.66952816580367e+002
9.99999999999988e+004,2.89883794968733e+001,-1.67812575020468e+002
1.02329299228074e+005,2.90162332225409e+001,-1.68671732845370e+002
1.04712854805089e+005,2.90420741145323e+001,-1.69530304848673e+002
1.07151930523759e+005,2.90659202749471e+001,-1.70388315366009e+002
1.09647819614317e+005,2.90877888224097e+001,-1.71245797745035e+002
1.12201845430195e+005,2.91076958094681e+001,-1.72102793783334e+002
1.14815362149687e+005,2.91256561461267e+001,-1.72959353137081e+002
1.17489755493952e+005,2.91416835296592e+001,-1.73815532703281e+002
1.20226443461740e+005,2.91557903808289e+001,-1.74671395978293e+002
1.23026877081237e+005,2.91679877866150e+001,-1.75527012395330e+002
1.25892541179415e+005,2.91782854495264e+001,-1.76382456643500e+002
1.28824955169312e+005,2.91866916435666e+001,-1.77237807970923e+002
1.31825673855639e+005,2.91932131768976e+001,-1.78093149474362e+002
1.34896288259164e+005,2.91978553612408e+001,-1.78948567377747e+002
1.38038426460287e+005,2.92006219880414e+001,-1.79804150301906e+002
1.41253754462274e+005,2.92015153114149e+001,1.79340011472208e+002
1.44543977074591e+005,2.92005360378900e+001,1.78483826744592e+002
1.47910838816819e+005,2.91976833229516e+001,1.77627204139329e+002
1.51356124843619e+005,2.91929547743900e+001,1.76770052847622e+002
1.54881661891246e+005,2.91863464624495e+001,1.75912283368519e+002
1.58489319246109e+005,2.91778529367727e+001,1.75053808245115e+002
1.62181009735891e+005,2.91674672501247e+001,1.74194542794021e+002
1.65958690743754e+005,2.91551809888784e+001,1.73334405825808e+002
1.69824365246172e+005,2.91409843102337e+001,1.72473320354109e+002
1.73780082874935e+005,2.91248659861329e+001,1.71611214291009e+002
1.77827941003890e+005,2.91068134538208e+001,1.70748021126260e+002
1.81970085860996e+005,2.90868128729889e+001,1.69883680587824e+002
1.86208713666284e+005,2.90648491894186e+001,1.69018139281124e+002
1.90546071796322e+005,2.90409062050239e+001,1.68151351304364e+002
1.94984459975802e+005,2.90149666541682e+001,1.67283278837165e+002
1.99526231496885e+005,2.89870122861029e+001,1.66413892699722e+002
2.04173794466950e+005,2.89570239533482e+001,1.65543172879624e+002
2.08929613085401e+005,2.89249817058000e+001,1.64671109023458e+002
2.13796208950220e+005,2.88908648903152e+001,1.63797700890272e+002
2.18776162394952e+005,2.88546522554845e+001,1.62922958763989e+002
2.23872113856831e+005,2.88163220612656e+001,1.62046903821891e+002
2.29086765276774e+005,2.87758521931021e+001,1.61169568456345e+002
2.34422881531989e+005,2.87332202801120e+001,1.60290996547019e+002
2.39883291901946e+005,2.86884038168818e+001,1.59411243680978e+002
2.45470891568500e+005,2.86413802883588e+001,1.58530377318196e+002
2.51188643150955e+005,2.85921272972858e+001,1.57648476900218e+002
2.57039578276883e+005,2.85406226935803e+001,1.56765633899956e+002
2.63026799189535e+005,2.84868447050183e+001,1.55881951810868e+002
2.69153480392688e+005,2.84307720685409e+001,1.54997546074101e+002
2.75422870333813e+005,2.83723841614715e+001,1.54112543942530e+002
2.81838293126442e+005,2.83116611318952e+001,1.53227084281016e+002
2.88403150312657e+005,2.82485840274332e+001,1.52341317302667e+002
2.95120922666635e+005,2.81831349216208e+001,1.51455404241286e+002
3.01995172040197e+005,2.81152970370925e+001,1.50569516960749e+002
3.09029543251355e+005,2.80450548647699e+001,1.49683837502491e+002
3.16227766016834e+005,2.79723942782564e+001,1.48798557572849e+002
3.23593656929624e+005,2.78973026426573e+001,1.47913877972499e+002
3.31131121482586e+005,2.78197689170656e+001,1.47030007970761e+002
3.38844156139198e+005,2.77397837499889e+001,1.46147164628060e+002
3.46736850452527e+005,2.76573395670353e+001,1.45265572070301e+002
3.54813389233570e+005,2.75724306502255e+001,1.44385460719418e+002
3.63078054770096e+005,2.74850532083605e+001,1.43507066484760e+002
3.71535229097167e+005,2.73952054379418e+001,1.42630629920358e+002
3.80189396320556e+005,2.73028875742149e+001,1.41756395353506e+002
3.89045144994275e+005,2.72081019319894e+001,1.40884609990304e+002
3.98107170553492e+005,2.71108529359742e+001,1.40015523004082e+002
4.07380277804107e+005,2.70111471404579e+001,1.39149384612761e+002
4.16869383470329e+005,2.69089932382554e+001,1.38286445151298e+002
4.26579518801586e+005,2.68044020589359e+001,1.37426954145362e+002
4.36515832240160e+005,2.66973865564411e+001,1.36571159392359e+002
4.46683592150957e+005,2.65879617862944e+001,1.35719306055780e+002
4.57088189614868e+005,2.64761448726883e+001,1.34871635778646e+002
4.67735141287191e+005,2.63619549658245e+001,1.34028385821588e+002
4.78630092322631e+005,2.62454131899563e+001,1.33189788230752e+002
4.89778819368439e+005,2.61265425826565e+001,1.32356069040371e+002
5.01187233627265e+005,2.60053680258983e+001,1.31527447514415e+002
5.12861383991357e+005,2.58819161695907e+001,1.30704135431262e+002
5.24807460249765e+005,2.57562153482583e+001,1.29886336414855e+002
5.37031796370245e+005,2.56282954915914e+001,1.29074245315280e+002
5.49540873857616e+005,2.54981880296206e+001,1.28268047641185e+002
5.62341325190341e+005,2.53659257932884e+001,1.27467919045901e+002
5.75439937337148e+005,2.52315429111980e+001,1.26674024868601e+002
5.88843655355580e+005,2.50950747033186e+001,1.25886519731307e+002
6.02559586074349e+005,2.49565575724196e+001,1.25105547192030e+002
6.16595001861473e+005,2.48160288939849e+001,1.24331239453849e+002
6.30957344480184e+005,2.46735269053367e+001,1.23563717129270e+002
6.45654229034646e+005,2.45290905946651e+001,1.22803089058763e+002
6.60693448007586e+005,2.43827595906229e+001,1.22049452182018e+002
6.76082975391971e+005,2.42345740531027e+001,1.21302891460057e+002
6.91830970918926e+005,2.40845745657669e+001,1.20563479846082e+002
7.07945784384127e+005,2.39328020308529e+001,1.19831278302627e+002
7.24435960074979e+005,2.37792975667232e+001,1.19106335862390e+002
7.41310241300906e+005,2.36241024085770e+001,1.18388689729926e+002
7.58577575029172e+005,2.34672578126886e+001,1.17678365421240e+002
7.76247116628680e+005,2.33088049644817e+001,1.16975376938245e+002
7.94328234724269e+005,2.31487848906990e+001,1.16279726974951e+002
8.12830516164087e+005,2.29872383758739e+001,1.15591407152283e+002
8.31763771102658e+005,2.28242058832633e+001,1.14910398278381e+002
8.51138038202363e+005,2.26597274803523e+001,1.14236670631320e+002
8.70963589956067e+005,2.24938427690011e+001,1.13570184261227e+002
8.91250938133732e+005,2.23265908202591e+001,1.12910889308884e+002
9.12010839355895e+005,2.21580101138376e+001,1.12258726337999e+002
9.33254300796976e+005,2.19881384821972e+001,1.11613626678477e+002
9.54992586021421e+005,2.18170130591731e+001,1.10975512778141e+002
9.77237220955795e+005,2.16446702330379e+001,1.10344298560528e+002
1.00000000000000e+006,2.14711456038747e+001,1.09719889786539e+002
