1.00000000000000e+001,3.65473204643811e+001,-3.01295285577882e-003
1.02329299228075e+001,3.65473204638318e+001,-3.08313354326276e-003
1.04712854805090e+001,3.65473204632567e+001,-3.15494894894937e-003
1.07151930523761e+001,3.65473204626545e+001,-3.22843715031646e-003
1.09647819614319e+001,3.65473204620239e+001,-3.30363711178022e-003
1.12201845430196e+001,3.65473204613635e+001,-3.38058870535460e-003
1.14815362149688e+001,3.65473204606721e+001,-3.45933273179204e-003
1.17489755493953e+001,3.65473204599480e+001,-3.53991094221651e-003
1.20226443461741e+001,3.65473204591898e+001,-3.62236606026054e-003
1.23026877081238e+001,3.65473204583959e+001,-3.70674180471783e-003
1.25892541179417e+001,3.65473204575646e+001,-3.79308291272354e-003
1.28824955169313e+001,3.65473204566941e+001,-3.88143516347449e-003
1.31825673855641e+001,3.65473204557826e+001,-3.97184540250191e-003
1.34896288259165e+001,3.65473204548281e+001,-4.06436156650952e-003
1.38038426460288e+001,3.65473204538287e+001,-4.15903270879024e-003
1.41253754462275e+001,3.65473204527821e+001,-4.25590902523484e-003
1.44543977074593e+001,3.65473204516862e+001,-4.35504188094650e-003
1.47910838816821e+001,3.65473204505387e+001,-4.45648383747521e-003
1.51356124843621e+001,3.65473204493371e+001,-4.56028868068666e-003
1.54881661891248e+001,3.65473204480788e+001,-4.66651144928011e-003
1.58489319246111e+001,3.65473204467613e+001,-4.77520846397071e-003
1.62181009735893e+001,3.65473204453816e+001,-4.88643735735142e-003
1.65958690743756e+001,3.65473204439370e+001,-5.00025710445061e-003
1.69824365246174e+001,3.65473204424242e+001,-5.11672805400133e-003
1.73780082874937e+001,3.65473204408402e+001,-5.23591196043903e-003
1.77827941003892e+001,3.65473204391815e+001,-5.35787201664453e-003
1.81970085860998e+001,3.65473204374446e+001,-5.48267288744975e-003
1.86208713666287e+001,3.65473204356259e+001,-5.61038074392379e-003
1.90546071796325e+001,3.65473204337215e+001,-5.74106329845771e-003
1.94984459975804e+001,3.65473204317273e+001,-5.87478984066652e-003
1.99526231496888e+001,3.65473204296391e+001,-6.01163127412740e-003
2.04173794466953e+001,3.65473204274525e+001,-6.15166015397371e-003
2.08929613085404e+001,3.65473204251629e+001,-6.29495072536466e-003
2.13796208950223e+001,3.65473204227654e+001,-6.44157896285101e-003
2.18776162394955e+001,3.65473204202548e+001,-6.59162261065778e-003
2.23872113856834e+001,3.65473204176260e+001,-6.74516122390524e-003
2.29086765276777e+001,3.65473204148732e+001,-6.90227621079002e-003
2.34422881531992e+001,3.65473204119907e+001,-7.06305087574878e-003
2.39883291901949e+001,3.65473204089724e+001,-7.22757046362732e-003
2.45470891568503e+001,3.65473204058118e+001,-7.39592220487841e-003
2.51188643150958e+001,3.65473204025023e+001,-7.56819536181257e-003
2.57039578276886e+001,3.65473203990368e+001,-7.74448127592598e-003
2.63026799189538e+001,3.65473203954080e+001,-7.92487341633095e-003
2.69153480392691e+001,3.65473203916081e+001,-8.10946742931443e-003
2.75422870333816e+001,3.65473203876292e+001,-8.29836118905084e-003
2.81838293126445e+001,3.65473203834628e+001,-8.49165484949619e-003
2.88403150312660e+001,3.65473203791000e+001,-8.68945089749095e-003
2.95120922666638e+001,3.65473203745315e+001,-8.89185420709989e-003
3.01995172040201e+001,3.65473203697478e+001,-9.09897209521756e-003
3.09029543251359e+001,3.65473203647386e+001,-9.31091437846907e-003
3.16227766016838e+001,3.65473203594934e+001,-9.52779343143622e-003
3.23593656929628e+001,3.65473203540009e+001,-9.74972424623982e-003
3.31131121482591e+001,3.65473203482496e+001,-9.97682449351004e-003
3.38844156139202e+001,3.65473203422273e+001,-1.02092145847767e-002
3.46736850452531e+001,3.65473203359211e+001,-1.04470177363130e-002
3.54813389233575e+001,3.65473203293177e+001,-1.06903600344663e-002
3.63078054770101e+001,3.65473203224032e+001,-1.09393705025104e-002
3.71535229097172e+001,3.65473203151627e+001,-1.11941811690556e-002
3.80189396320561e+001,3.65473203075810e+001,-1.14549271380516e-002
3.89045144994280e+001,3.65473202996420e+001,-1.17217466604211e-002
3.98107170553497e+001,3.65473202913289e+001,-1.19947812073626e-002
4.07380277804112e+001,3.65473202826239e+001,-1.22741755453593e-002
4.16869383470335e+001,3.65473202735087e+001,-1.25600778129366e-002
4.26579518801592e+001,3.65473202639639e+001,-1.28526395992069e-002
4.36515832240165e+001,3.65473202539693e+001,-1.31520160242432e-002
4.46683592150962e+001,3.65473202435037e+001,-1.34583658213263e-002
4.57088189614874e+001,3.65473202325448e+001,-1.37718514211068e-002
4.67735141287197e+001,3.65473202210694e+001,-1.40926390377272e-002
4.78630092322638e+001,3.65473202090533e+001,-1.44208987569511e-002
4.89778819368445e+001,3.65473201964708e+001,-1.47568046263443e-002
5.01187233627271e+001,3.65473201832953e+001,-1.51005347475566e-002
5.12861383991364e+001,3.65473201694989e+001,-1.54522713707535e-002
5.24807460249772e+001,3.65473201550523e+001,-1.58122009912469e-002
5.37031796370252e+001,3.65473201399249e+001,-1.61805144483773e-002
5.49540873857624e+001,3.65473201240845e+001,-1.65574070266985e-002
5.62341325190348e+001,3.65473201074975e+001,-1.69430785595193e-002
5.75439937337156e+001,3.65473200901289e+001,-1.73377335348579e-002
5.88843655355588e+001,3.65473200719417e+001,-1.77415812038627e-002
6.02559586074357e+001,3.65473200528973e+001,-1.81548356917601e-002
6.16595001861481e+001,3.65473200329554e+001,-1.85777161113851e-002
6.30957344480192e+001,3.65473200120737e+001,-1.90104466793575e-002
6.45654229034654e+001,3.65473199902079e+001,-1.94532568349633e-002
6.60693448007595e+001,3.65473199673116e+001,-1.99063813618062e-002
6.76082975391980e+001,3.65473199433362e+001,-2.03700605122913e-002
6.91830970918935e+001,3.65473199182308e+001,-2.08445401350094e-002
7.07945784384136e+001,3.65473198919423e+001,-2.13300718050880e-002
7.24435960074988e+001,3.65473198644149e+001,-2.18269129575786e-002
7.41310241300916e+001,3.65473198355901e+001,-2.23353270239511e-002
7.58577575029182e+001,3.65473198054068e+001,-2.28555835717668e-002
7.76247116628690e+001,3.65473197738011e+001,-2.33879584476056e-002
7.94328234724279e+001,3.65473197407058e+001,-2.39327339233220e-002
8.12830516164097e+001,3.65473197060508e+001,-2.44901988457075e-002
8.31763771102669e+001,3.65473196697626e+001,-2.50606487896390e-002
8.51138038202374e+001,3.65473196317641e+001,-2.56443862147952e-002
8.70963589956078e+001,3.65473195919748e+001,-2.62417206260221e-002
8.91250938133743e+001,3.65473195503104e+001,-2.68529687374344e-002
9.12010839355907e+001,3.65473195066823e+001,-2.74784546403395e-002
9.33254300796988e+001,3.65473194609981e+001,-2.81185099750724e-002
9.54992586021433e+001,3.65473194131609e+001,-2.87734741068324e-002
9.77237220955808e+001,3.65473193630692e+001,-2.94436943056172e-002
9.99999999999997e+001,3.65473193106167e+001,-3.01295259303460e-002
1.02329299228075e+002,3.65473192556922e+001,-3.08313326172726e-002
1.04712854805090e+002,3.65473191981792e+001,-3.15494864727864e-002
1.07151930523760e+002,3.65473191379557e+001,-3.22843682707046e-002
1.09647819614318e+002,3.65473190748940e+001,-3.30363676541589e-002
1.12201845430196e+002,3.65473190088603e+001,-3.38058833421855e-002
1.14815362149688e+002,3.65473189397145e+001,-3.45933233411259e-002
1.17489755493953e+002,3.65473188673099e+001,-3.53991051609531e-002
1.20226443461741e+002,3.65473187914930e+001,-3.62236560366345e-002
1.23026877081238e+002,3.65473187121030e+001,-3.70674131546524e-002
1.25892541179416e+002,3.65473186289715e+001,-3.79308238847995e-002
1.28824955169313e+002,3.65473185419220e+001,-3.88143460173737e-002
1.31825673855640e+002,3.65473184507701e+001,-3.97184480058975e-002
1.34896288259165e+002,3.65473183553223e+001,-4.06436092154904e-002
1.38038426460288e+002,3.65473182553762e+001,-4.15903201770264e-002
1.41253754462275e+002,3.65473181507198e+001,-4.25590828472114e-002
1.44543977074592e+002,3.65473180411311e+001,-4.35504108747179e-002
1.47910838816820e+002,3.65473179263776e+001,-4.45648298725176e-002
1.51356124843620e+002,3.65473178062160e+001,-4.56028776965583e-002
1.54881661891248e+002,3.65473176803914e+001,-4.66651047309300e-002
1.58489319246111e+002,3.65473175486368e+001,-4.77520741796740e-002
1.62181009735892e+002,3.65473174106728e+001,-4.88643623653871e-002
1.65958690743755e+002,3.65473172662067e+001,-5.00025590347817e-002
1.69824365246174e+002,3.65473171149322e+001,-5.11672676713621e-002
1.73780082874937e+002,3.65473169565284e+001,-5.23591058153823e-002
1.77827941003892e+002,3.65473167906592e+001,-5.35787053912575e-002
1.81970085860998e+002,3.65473166169729e+001,-5.48267130425989e-002
1.86208713666286e+002,3.65473164351010e+001,-5.61037904750534e-002
1.90546071796324e+002,3.65473162446577e+001,-5.74106148071264e-002
1.94984459975804e+002,3.65473160452391e+001,-5.87478789291764e-002
1.99526231496887e+002,3.65473158364222e+001,-6.01162918707693e-002
2.04173794466952e+002,3.65473156177641e+001,-6.15165791765892e-002
2.08929613085403e+002,3.65473153888010e+001,-6.29494832911026e-002
2.13796208950222e+002,3.65473151490472e+001,-6.44157639521825e-002
2.18776162394954e+002,3.65473148979941e+001,-6.59161985938980e-002
2.23872113856833e+002,3.65473146351093e+001,-6.74515827586859e-002
2.29086765276776e+002,3.65473143598352e+001,-6.90227305191196e-002
2.34422881531991e+002,3.65473140715877e+001,-7.06304749095010e-002
2.39883291901948e+002,3.65473137697557e+001,-7.22756683675033e-002
2.45470891568502e+002,3.65473134536987e+001,-7.39591831860989e-002
2.51188643150957e+002,3.65473131227464e+001,-7.56819119760101e-002
2.57039578276885e+002,3.65473127761969e+001,-7.74447681389311e-002
2.63026799189537e+002,3.65473124133151e+001,-7.92486863517685e-002
2.69153480392690e+002,3.65473120333311e+001,-8.10946230621578e-002
2.75422870333816e+002,3.65473116354392e+001,-8.29835569955204e-002
2.81838293126444e+002,3.65473112187951e+001,-8.49164896739258e-002
2.88403150312659e+002,3.65473107825153e+001,-8.68944459470376e-002
2.95120922666637e+002,3.65473103256743e+001,-8.89184745354218e-002
3.01995172040200e+002,3.65473098473032e+001,-9.09896485865058e-002
3.09029543251358e+002,3.65473093463871e+001,-9.31090662434840e-002
3.16227766016837e+002,3.65473088218636e+001,-9.52778512274683e-002
3.23593656929627e+002,3.65473082726202e+001,-9.74971534331941e-002
3.31131121482590e+002,3.65473076974918e+001,-9.97681495385972e-002
3.38844156139201e+002,3.65473070952586e+001,-1.02092043628581e-001
3.46736850452530e+002,3.65473064646430e+001,-1.04470067833308e-001
3.54813389233574e+002,3.65473058043075e+001,-1.06903482981355e-001
3.63078054770100e+002,3.65473051128515e+001,-1.09393579268066e-001
3.71535229097171e+002,3.65473043888083e+001,-1.11941676939476e-001
3.80189396320559e+002,3.65473036306422e+001,-1.14549126992147e-001
3.89045144994279e+002,3.65473028367449e+001,-1.17217311889304e-001
3.98107170553495e+002,3.65473020054325e+001,-1.19947646293635e-001
4.07380277804111e+002,3.65473011349417e+001,-1.22741577817154e-001
4.16869383470333e+002,3.65473002234262e+001,-1.25600587788517e-001
4.26579518801591e+002,3.65472992689525e+001,-1.28526192038201e-001
4.36515832240164e+002,3.65472982694960e+001,-1.31519941701956e-001
4.46683592150961e+002,3.65472972229368e+001,-1.34583424042959e-001
4.57088189614873e+002,3.65472961270551e+001,-1.37718263293104e-001
4.67735141287196e+002,3.65472949795264e+001,-1.40926121513873e-001
4.78630092322636e+002,3.65472937779167e+001,-1.44208699477237e-001
4.89778819368444e+002,3.65472925196772e+001,-1.47567737567064e-001
5.01187233627270e+002,3.65472912021390e+001,-1.51005016701497e-001
5.12861383991362e+002,3.65472898225077e+001,-1.54522359276803e-001
5.24807460249770e+002,3.65472883778568e+001,-1.58121630133174e-001
5.37031796370250e+002,3.65472868651221e+001,-1.61804737543013e-001
5.49540873857622e+002,3.65472852810949e+001,-1.65573634222200e-001
5.62341325190346e+002,3.65472836224155e+001,-1.69430318364896e-001
5.75439937337154e+002,3.65472818855657e+001,-1.73376834702417e-001
5.88843655355586e+002,3.65472800668613e+001,-1.77415275586737e-001
6.02559586074355e+002,3.65472781624449e+001,-1.81547782099196e-001
6.16595001861479e+002,3.65472761682770e+001,-1.85776545185005e-001
6.30957344480190e+002,3.65472740801278e+001,-1.90103806814117e-001
6.45654229034652e+002,3.65472718935683e+001,-1.94531861169120e-001
6.60693448007592e+002,3.65472696039606e+001,-1.99063055860731e-001
6.76082975391978e+002,3.65472672064483e+001,-2.03699793171576e-001
6.91830970918933e+002,3.65472646959461e+001,-2.08444531328866e-001
7.07945784384134e+002,3.65472620671291e+001,-2.13299785806680e-001
7.24435960074986e+002,3.65472593144216e+001,-2.18268130658512e-001
7.41310241300914e+002,3.65472564319848e+001,-2.23352199880798e-001
7.58577575029180e+002,3.65472534137049e+001,-2.28554688808126e-001
7.76247116628688e+002,3.65472502531802e+001,-2.33878355540883e-001
7.94328234724277e+002,3.65472469437070e+001,-2.39326022406066e-001
8.12830516164095e+002,3.65472434782659e+001,-2.44900577452039e-001
8.31763771102666e+002,3.65472398495065e+001,-2.50604975978021e-001
8.51138038202372e+002,3.65472360497321e+001,-2.56442242099090e-001
8.70963589956076e+002,3.65472320708835e+001,-2.62415470347552e-001
8.91250938133741e+002,3.65472279045215e+001,-2.68527827311489e-001
9.12010839355905e+002,3.65472235418091e+001,-2.74782553311351e-001
9.33254300796986e+002,3.65472189734931e+001,-2.81182964115482e-001
9.54992586021431e+002,3.65472141898842e+001,-2.87732452695460e-001
9.77237220955805e+002,3.65472091808364e+001,-2.94434491022184e-001
9.99999999999994e+002,3.65472039357256e+001,-3.01292631903628e-001
1.02329299228075e+003,3.65471984434271e+001,-3.08310510865240e-001
1.04712854805089e+003,3.65471926922921e+001,-3.15491848073964e-001
1.07151930523760e+003,3.65471866701225e+001,-3.22840450306870e-001
1.09647819614318e+003,3.65471803641458e+001,-3.30360212965445e-001
1.12201845430196e+003,3.65471737609874e+001,-3.38055122136570e-001
1.14815362149688e+003,3.65471668466424e+001,-3.45929256701265e-001
1.17489755493952e+003,3.65471596064463e+001,-3.53986790492305e-001
1.20226443461741e+003,3.65471520250431e+001,-3.62231994501804e-001
1.23026877081237e+003,3.65471440863535e+001,-3.70669239139942e-001
1.25892541179416e+003,3.65471357735406e+001,-3.79302996545973e-001
1.28824955169313e+003,3.65471270689740e+001,-3.88137842952738e-001
1.31825673855640e+003,3.65471179541924e+001,-3.97178461105886e-001
1.34896288259165e+003,3.65471084098649e+001,-4.06429642739058e-001
1.38038426460288e+003,3.65470984157496e+001,-4.15896291106313e-001
1.41253754462275e+003,3.65470879506508e+001,-4.25583423573090e-001
1.44543977074592e+003,3.65470769923741e+001,-4.35496174267051e-001
1.47910838816820e+003,3.65470655176793e+001,-4.45639796790152e-001
1.51356124843620e+003,3.65470535022314e+001,-4.56019666993343e-001
1.54881661891247e+003,3.65470409205484e+001,-4.66641285815308e-001
1.58489319246110e+003,3.65470277459480e+001,-4.77510282186703e-001
1.62181009735892e+003,3.65470139504906e+001,-4.88632416001361e-001
1.65958690743755e+003,3.65469995049203e+001,-5.00013581155988e-001
1.69824365246173e+003,3.65469843786027e+001,-5.11659808659890e-001
1.73780082874936e+003,3.65469685394602e+001,-5.23577269816297e-001
1.77827941003891e+003,3.65469519539038e+001,-5.35772279476914e-001
1.81970085860997e+003,3.65469345867621e+001,-5.48251299371310e-001
1.86208713666286e+003,3.65469164012065e+001,-5.61020941512859e-001
1.90546071796323e+003,3.65468973586738e+001,-5.74087971682902e-001
1.94984459975803e+003,3.65468774187835e+001,-5.87459312994913e-001
1.99526231496887e+003,3.65468565392533e+001,-6.01142049540412e-001
2.04173794466952e+003,3.65468346758086e+001,-6.15143430118470e-001
2.08929613085403e+003,3.65468117820895e+001,-6.29470872050644e-001
2.13796208950222e+003,3.65467878095519e+001,-6.44131965083219e-001
2.18776162394954e+003,3.65467627073652e+001,-6.59134475378704e-001
2.23872113856832e+003,3.65467364223043e+001,-6.74486349598520e-001
2.29086765276776e+003,3.65467088986370e+001,-6.90195719078894e-001
2.34422881531991e+003,3.65466800780062e+001,-7.06270904101981e-001
2.39883291901947e+003,3.65466498993058e+001,-7.22720418264301e-001
2.45470891568501e+003,3.65466182985517e+001,-7.39552972944588e-001
2.51188643150956e+003,3.65465852087463e+001,-7.56777481873210e-001
2.57039578276885e+003,3.65465505597365e+001,-7.74403065805343e-001
2.63026799189536e+003,3.65465142780653e+001,-7.92439057300124e-001
2.69153480392690e+003,3.65464762868163e+001,-8.10895005608050e-001
2.75422870333815e+003,3.65464365054510e+001,-8.29780681668920e-001
2.81838293126443e+003,3.65463948496381e+001,-8.49106083222660e-001
2.88403150312659e+003,3.65463512310752e+001,-8.68881440035420e-001
2.95120922666636e+003,3.65463055573021e+001,-8.89117219243329e-001
3.01995172040199e+003,3.65462577315050e+001,-9.09824130816399e-001
3.09029543251357e+003,3.65462076523117e+001,-9.31013133145034e-001
3.16227766016836e+003,3.65461552135774e+001,-9.52695438751680e-001
3.23593656929626e+003,3.65461003041600e+001,-9.74882520130182e-001
3.31131121482589e+003,3.65460428076852e+001,-9.97586115715426e-001
3.38844156139200e+003,3.65459826023005e+001,-1.02081823598591e+000
3.46736850452529e+003,3.65459195604175e+001,-1.04459116970188e+000
3.54813389233573e+003,3.65458535484425e+001,-1.06891749028176e+000
3.63078054770099e+003,3.65457844264939e+001,-1.09381006231955e+000
3.71535229097170e+003,3.65457120481067e+001,-1.11928204824596e+000
3.80189396320558e+003,3.65456362599235e+001,-1.14534691513604e+000
3.89045144994278e+003,3.65455569013700e+001,-1.17201844166619e+000
3.98107170553494e+003,3.65454738043167e+001,-1.19931072522314e+000
4.07380277804110e+003,3.65453867927232e+001,-1.22723818916806e+000
4.16869383470332e+003,3.65452956822672e+001,-1.25581559025836e+000
4.26579518801589e+003,3.65452002799554e+001,-1.28505802623020e+000
4.36515832240162e+003,3.65451003837162e+001,-1.31498094354459e+000
4.46683592150960e+003,3.65449957819739e+001,-1.34560014529981e+000
4.57088189614871e+003,3.65448862532023e+001,-1.37693179931327e+000
4.67735141287194e+003,3.65447715654579e+001,-1.40899244637549e+000
4.78630092322634e+003,3.65446514758912e+001,-1.44179900867908e+000
4.89778819368442e+003,3.65445257302349e+001,-1.47536879842575e+000
5.01187233627268e+003,3.65443940622688e+001,-1.50971952661394e+000
5.12861383991361e+003,3.65442561932590e+001,-1.54486931201010e+000
5.24807460249768e+003,3.65441118313715e+001,-1.58083669030620e+000
5.37031796370248e+003,3.65439606710586e+001,-1.61764062346636e+000
5.49540873857620e+003,3.65438023924158e+001,-1.65530050926523e+000
5.62341325190344e+003,3.65436366605100e+001,-1.69383619102061e+000
5.75439937337152e+003,3.65434631246753e+001,-1.73326796752314e+000
5.88843655355584e+003,3.65432814177770e+001,-1.77361660316524e+000
6.02559586074353e+003,3.65430911554407e+001,-1.81490333827195e+000
6.16595001861477e+003,3.65428919352459e+001,-1.85714989963569e+000
6.30957344480188e+003,3.65426833358825e+001,-1.90037851125729e+000
6.45654229034650e+003,3.65424649162672e+001,-1.94461190529531e+000
6.60693448007590e+003,3.65422362146203e+001,-1.98987333322534e+000
6.76082975391976e+003,3.65419967474984e+001,-2.03618657721132e+000
6.91830970918931e+003,3.65417460087835e+001,-2.08357596169008e+000
7.07945784384132e+003,3.65414834686246e+001,-2.13206636517068e+000
7.24435960074984e+003,3.65412085723310e+001,-2.18168323224951e+000
7.41310241300911e+003,3.65409207392139e+001,-2.23245258584211e+000
7.58577575029177e+003,3.65406193613752e+001,-2.28440103963223e+000
7.76247116628685e+003,3.65403038024403e+001,-2.33755581073846e+000
7.94328234724275e+003,3.65399733962325e+001,-2.39194473259842e+000
8.12830516164092e+003,3.65396274453871e+001,-2.44759626807003e+000
8.31763771102664e+003,3.65392652199010e+001,-2.50453952274921e+000
8.51138038202369e+003,3.65388859556167e+001,-2.56280425850275e+000
8.70963589956073e+003,3.65384888526366e+001,-2.62242090721464e+000
8.91250938133738e+003,3.65380730736645e+001,-2.68342058474381e+000
9.12010839355902e+003,3.65376377422726e+001,-2.74583510509049e+000
9.33254300796983e+003,3.65371819410880e+001,-2.80969699476794e+000
9.54992586021428e+003,3.65367047098981e+001,-2.87503950737564e+000
9.77237220955802e+003,3.65362050436694e+001,-2.94189663836921e+000
9.99999999999991e+003,3.65356818904764e+001,-3.01030314002187e+000
1.02329299228075e+004,3.65351341493374e+001,-3.08029453657110e+000
1.04712854805089e+004,3.65345606679523e+001,-3.15190713954361e+000
1.07151930523760e+004,3.65339602403384e+001,-3.22517806325040e+000
1.09647819614318e+004,3.65333316043605e+001,-3.30014524044329e+000
1.12201845430195e+004,3.65326734391497e+001,-3.37684743812239e+000
1.14815362149687e+004,3.65319843624072e+001,-3.45532427348370e+000
1.17489755493952e+004,3.65312629275879e+001,-3.53561622999395e+000
1.20226443461740e+004,3.65305076209585e+001,-3.61776467357906e+000
1.23026877081237e+004,3.65297168585253e+001,-3.70181186891080e+000
1.25892541179416e+004,3.65288889828260e+001,-3.78780099577483e+000
1.28824955169312e+004,3.65280222595806e+001,-3.87577616550145e+000
1.31825673855640e+004,3.65271148741947e+001,-3.96578243743894e+000
1.34896288259164e+004,3.65261649281102e+001,-4.05786583544700e+000
1.38038426460287e+004,3.65251704349961e+001,-4.15207336438621e+000
1.41253754462274e+004,3.65241293167752e+001,-4.24845302657682e+000
1.44543977074591e+004,3.65230393994775e+001,-4.34705383819815e+000
1.47910838816819e+004,3.65218984089162e+001,-4.44792584559738e+000
1.51356124843619e+004,3.65207039661776e+001,-4.55112014147337e+000
1.54881661891247e+004,3.65194535829189e+001,-4.65668888089911e+000
1.58489319246110e+004,3.65181446564666e+001,-4.76468529714259e+000
1.62181009735891e+004,3.65167744647077e+001,-4.87516371724317e+000
1.65958690743755e+004,3.65153401607665e+001,-4.98817957729684e+000
1.69824365246173e+004,3.65138387674597e+001,-5.10378943740024e+000
1.73780082874936e+004,3.65122671715215e+001,-5.22205099619935e+000
1.77827941003891e+004,3.65106221175905e+001,-5.34302310498469e+000
1.81970085860997e+004,3.65089002019513e+001,-5.46676578127051e+000
1.86208713666285e+004,3.65070978660226e+001,-5.59334022179080e+000
1.90546071796323e+004,3.65052113895820e+001,-5.72280881484014e+000
1.94984459975803e+004,3.65032368837221e+001,-5.85523515188210e+000
1.99526231496886e+004,3.65011702835265e+001,-5.99068403834247e+000
2.04173794466951e+004,3.64990073404604e+001,-6.12922150349913e+000
2.08929613085402e+004,3.64967436144652e+001,-6.27091480937367e+000
2.13796208950221e+004,3.64943744657511e+001,-6.41583245852412e+000
2.18776162394953e+004,3.64918950462777e+001,-6.56404420063107e+000
2.23872113856832e+004,3.64893002909166e+001,-6.71562103776236e+000
2.29086765276775e+004,3.64865849082871e+001,-6.87063522819436e+000
2.34422881531990e+004,3.64837433712590e+001,-7.02916028865991e+000
2.39883291901947e+004,3.64807699071139e+001,-7.19127099488484e+000
2.45470891568501e+004,3.64776584873605e+001,-7.35704338026682e+000
2.51188643150956e+004,3.64744028171966e+001,-7.52655473254100e+000
2.57039578276884e+004,3.64709963246125e+001,-7.69988358826826e+000
2.63026799189536e+004,3.64674321491319e+001,-7.87710972497201e+000
2.69153480392689e+004,3.64637031301857e+001,-8.05831415073968e+000
2.75422870333814e+004,3.64598017951162e+001,-8.24357909109527e+000
2.81838293126443e+004,3.64557203468093e+001,-8.43298797293816e+000
2.88403150312658e+004,3.64514506509548e+001,-8.62662540533358e+000
2.95120922666636e+004,3.64469842229339e+001,-8.82457715692806e+000
3.01995172040199e+004,3.64423122143385e+001,-9.02693012975334e+000
3.09029543251356e+004,3.64374253991225e+001,-9.23377232916953e+000
3.16227766016835e+004,3.64323141593940e+001,-9.44519282968781e+000
3.23593656929625e+004,3.64269684708542e+001,-9.66128173640128e+000
3.31131121482588e+004,3.64213778878925e+001,-9.88213014174056e+000
3.38844156139199e+004,3.64155315283516e+001,-1.01078300772603e+001
3.46736850452528e+004,3.64094180579759e+001,-1.03384744601509e+001
3.54813389233572e+004,3.64030256745625e+001,-1.05741570341587e+001
3.63078054770098e+004,3.63963420918341e+001,-1.08149723045884e+001
3.71535229097169e+004,3.63893545230606e+001,-1.10610154670514e+001
3.80189396320557e+004,3.63820496644560e+001,-1.13123823296126e+001
3.89045144994277e+004,3.63744136783834e+001,-1.15691692279836e+001
3.98107170553493e+004,3.63664321764054e+001,-1.18314729334003e+001
4.07380277804108e+004,3.63580902022206e+001,-1.20993905528167e+001
4.16869383470331e+004,3.63493722145336e+001,-1.23730194210449e+001
4.26579518801588e+004,3.63402620699091e+001,-1.26524569844666e+001
4.36515832240161e+004,3.63307430056689e+001,-1.29378006759404e+001
4.46683592150958e+004,3.63207976228949e+001,-1.32291477805327e+001
4.57088189614870e+004,3.63104078696079e+001,-1.35265952917032e+001
4.67735141287193e+004,3.62995550241987e+001,-1.38302397575828e+001
4.78630092322633e+004,3.62882196791968e+001,-1.41401771169933e+001
4.89778819368441e+004,3.62763817254652e+001,-1.44565025248723e+001
5.01187233627267e+004,3.62640203369227e+001,-1.47793101667840e+001
5.12861383991359e+004,3.62511139558976e+001,-1.51086930622211e+001
5.24807460249767e+004,3.62376402792306e+001,-1.54447428564296e+001
5.37031796370247e+004,3.62235762452462e+001,-1.57875496005214e+001
5.49540873857619e+004,3.62088980217276e+001,-1.61372015196783e+001
5.62341325190343e+004,3.61935809950320e+001,-1.64937847692974e+001
5.75439937337151e+004,3.61775997604956e+001,-1.68573831789771e+001
5.88843655355583e+004,3.61609281142860e+001,-1.72280779843044e+001
6.02559586074351e+004,3.61435390468635e+001,-1.76059475464671e+001
6.16595001861475e+004,3.61254047382279e+001,-1.79910670597919e+001
6.30957344480186e+004,3.61064965551265e+001,-1.83835082473889e+001
6.45654229034648e+004,3.60867850504134e+001,-1.87833390451734e+001
6.60693448007589e+004,3.60662399647504e+001,-1.91906232746365e+001
6.76082975391974e+004,3.60448302308491e+001,-1.96054203048422e+001
6.91830970918929e+004,3.60225239804553e+001,-2.00277847042445e+001
7.07945784384130e+004,3.59992885542819e+001,-2.04577658830431e+001
7.24435960074982e+004,3.59750905150958e+001,-2.08954077269305e+001
7.41310241300909e+004,3.59498956641666e+001,-2.13407482232198e+001
7.58577575029175e+004,3.59236690612804e+001,-2.17938190804966e+001
7.76247116628683e+004,3.58963750485213e+001,-2.22546453430857e+001
7.94328234724272e+004,3.58679772780124e+001,-2.27232450017895e+001
8.12830516164090e+004,3.58384387438048e+001,-2.31996286025143e+001
8.31763771102661e+004,3.58077218180864e+001,-2.36837988545705e+001
8.51138038202367e+004,3.57757882918726e+001,-2.41757502405997e+001
8.70963589956071e+004,3.57425994203199e+001,-2.46754686302486e+001
8.91250938133735e+004,3.57081159727855e+001,-2.51829308998762e+001
9.12010839355899e+004,3.56722982877315e+001,-2.56981045607374e+001
9.33254300796980e+004,3.56351063325435e+001,-2.62209473982384e+001
9.54992586021425e+004,3.55964997683059e+001,-2.67514071250024e+001
9.77237220955799e+004,3.55564380195390e+001,-2.72894210506057e+001
9.99999999999988e+004,3.55148803488673e+001,-2.78349157709591e+001
1.02329299228074e+005,3.54717859365479e+001,-2.83878068803973e+001
1.04712854805089e+005,3.54271139647427e+001,-2.89479987096036e+001
1.07151930523759e+005,3.53808237063747e+001,-2.95153840925402e+001
1.09647819614317e+005,3.53328746183553e+001,-3.00898441655586e+001
1.12201845430195e+005,3.52832264389250e+001,-3.06712482018457e+001
1.14815362149687e+005,3.52318392887919e+001,-3.12594534842975e+001
1.17489755493952e+005,3.51786737757026e+001,-3.18543052198154e+001
1.20226443461740e+005,3.51236911020279e+001,-3.24556364978794e+001
1.23026877081237e+005,3.50668531748902e+001,-3.30632682960745e+001
1.25892541179415e+005,3.50081227183109e+001,-3.36770095350169e+001
1.28824955169312e+005,3.49474633868064e+001,-3.42966571848633e+001
1.31825673855639e+005,3.48848398798162e+001,-3.49219964252742e+001
1.34896288259164e+005,3.48202180563036e+001,-3.55528008603476e+001
1.38038426460287e+005,3.47535650488350e+001,-3.61888327896507e+001
1.41253754462274e+005,3.46848493764098e+001,-3.68298435360478e+001
1.44543977074591e+005,3.46140410552938e+001,-3.74755738305610e+001
1.47910838816819e+005,3.45411117070856e+001,-3.81257542540145e+001
1.51356124843619e+005,3.44660346632431e+001,-3.87801057347020e+001
1.54881661891246e+005,3.43887850652931e+001,-3.94383401007933e+001
1.58489319246109e+005,3.43093399599595e+001,-4.01001606856630e+001
1.62181009735891e+005,3.42276783884612e+001,-4.07652629837917e+001
1.65958690743754e+005,3.41437814692618e+001,-4.14333353543651e+001
1.69824365246172e+005,3.40576324735898e+001,-4.21040597691884e+001
1.73780082874935e+005,3.39692168930956e+001,-4.27771126010495e+001
1.77827941003890e+005,3.38785224990680e+001,-4.34521654482138e+001
1.81970085860996e+005,3.37855393926960e+001,-4.41288859903229e+001
1.86208713666284e+005,3.36902600459358e+001,-4.48069388706108e+001
1.90546071796322e+005,3.35926793326201e+001,-4.54859865990414e+001
1.94984459975802e+005,3.34927945495299e+001,-4.61656904707274e+001
1.99526231496885e+005,3.33906054272390e+001,-4.68457114938104e+001
2.04173794466950e+005,3.32861141306319e+001,-4.75257113208685e+001
2.08929613085401e+005,3.31793252490867e+001,-4.82053531778795e+001
2.13796208950220e+005,3.30702457764111e+001,-4.88843027847964e+001
2.18776162394952e+005,3.29588850807057e+001,-4.95622292618940e+001
2.23872113856831e+005,3.28452548644233e+001,-5.02388060162195e+001
2.29086765276774e+005,3.27293691149727e+001,-5.09137116027111e+001
2.34422881531989e+005,3.26112440462969e+001,-5.15866305548535e+001
2.39883291901946e+005,3.24908980319298e+001,-5.22572541800877e+001
2.45470891568500e+005,3.23683515300971e+001,-5.29252813155999e+001
2.51188643150955e+005,3.22436270014895e+001,-5.35904190405566e+001
2.57039578276883e+005,3.21167488203796e+001,-5.42523833413355e+001
2.63026799189535e+005,3.19877431797983e+001,-5.49108997268051e+001
2.69153480392688e+005,3.18566379915112e+001,-5.55657037912298e+001
2.75422870333813e+005,3.17234627815596e+001,-5.62165417229092e+001
2.81838293126442e+005,3.15882485821388e+001,-5.68631707571940e+001
2.88403150312657e+005,3.14510278205899e+001,-5.75053595730474e+001
2.95120922666635e+005,3.13118342062704e+001,-5.81428886328300e+001
3.01995172040197e+005,3.11707026160587e+001,-5.87755504654823e+001
3.09029543251355e+005,3.10276689792178e+001,-5.94031498937401e+001
3.16227766016834e+005,3.08827701623201e+001,-6.00255042064511e+001
3.23593656929624e+005,3.07360438548939e+001,-6.06424432774610e+001
3.31131121482586e+005,3.05875284564141e+001,-6.12538096328920e+001
3.38844156139198e+005,3.04372629652145e+001,-6.18594584689564e+001
3.46736850452527e+005,3.02852868698484e+001,-6.24592576227197e+001
3.54813389233570e+005,3.01316400433756e+001,-6.30530874984601e+001
3.63078054770096e+005,2.99763626410012e+001,-6.36408409524573e+001
3.71535229097167e+005,2.98194950014372e+001,-6.42224231391895e+001
3.80189396320556e+005,2.96610775523061e+001,-6.47977513220201e+001
3.89045144994275e+005,2.95011507198531e+001,-6.53667546515242e+001
3.98107170553492e+005,2.93397548431834e+001,-6.59293739146281e+001
4.07380277804107e+005,2.91769300931891e+001,-6.64855612577374e+001
4.16869383470329e+005,2.90127163962878e+001,-6.70352798869873e+001
4.26579518801586e+005,2.88471533630473e+001,-6.75785037486915e+001
4.36515832240160e+005,2.86802802217306e+001,-6.81152171929743e+001
4.46683592150957e+005,2.85121357567593e+001,-6.86454146234680e+001
4.57088189614868e+005,2.83427582520562e+001,-6.91691001358300e+001
4.67735141287191e+005,2.81721854391978e+001,-6.96862871476940e+001
4.78630092322631e+005,2.80004544502810e+001,-7.01969980225242e+001
4.89778819368439e+005,2.78276017753812e+001,-7.07012636896763e+001
5.01187233627265e+005,2.76536632244602e+001,-7.11991232628108e+001
5.12861383991357e+005,2.74786738935638e+001,-7.16906236586338e+001
5.24807460249765e+005,2.73026681351327e+001,-7.21758192177711e+001
5.37031796370245e+005,2.71256795322422e+001,-7.26547713294175e+001
5.49540873857616e+005,2.69477408765714e+001,-7.31275480612332e+001
5.62341325190341e+005,2.67688841499020e+001,-7.35942237958043e+001
5.75439937337148e+005,2.65891405089378e+001,-7.40548788748229e+001
5.88843655355580e+005,2.64085402732350e+001,-7.45095992519964e+001
6.02559586074349e+005,2.62271129160344e+001,-7.49584761555542e+001
6.16595001861473e+005,2.60448870577865e+001,-7.54016057610812e+001
6.30957344480184e+005,2.58618904621621e+001,-7.58390888752861e+001
6.45654229034646e+005,2.56781500343470e+001,-7.62710306311917e+001
6.60693448007586e+005,2.54936918214234e+001,-7.66975401951242e+001
6.76082975391971e+005,2.53085410146466e+001,-7.71187304857808e+001
6.91830970918926e+005,2.51227219534309e+001,-7.75347179055594e+001
7.07945784384127e+005,2.49362581308685e+001,-7.79456220842521e+001
7.24435960074979e+005,2.47491722006101e+001,-7.83515656351265e+001
7.41310241300906e+005,2.45614859849452e+001,-7.87526739233523e+001
7.58577575029172e+005,2.43732204839283e+001,-7.91490748466688e+001
7.76247116628680e+005,2.41843958854049e+001,-7.95408986281343e+001
7.94328234724269e+005,2.39950315757993e+001,-7.99282776207535e+001
8.12830516164087e+005,2.38051461515354e+001,-8.03113461237345e+001
8.31763771102658e+005,2.36147574309688e+001,-8.06902402100955e+001
8.51138038202363e+005,2.34238824667176e+001,-8.10650975653070e+001
8.70963589956067e+005,2.32325375582850e+001,-8.14360573366336e+001
8.91250938133732e+005,2.30407382648767e+001,-8.18032599928169e+001
9.12010839355895e+005,2.28484994183215e+001,-8.21668471937234e+001
9.33254300796976e+005,2.26558351360118e+001,-8.25269616695707e+001
9.54992586021421e+005,2.24627588337855e+001,-8.28837471093312e+001
9.77237220955795e+005,2.22692832386791e+001,-8.32373480579100e+001
9.99999999999984e+005,2.20754204014858e+001,-8.35879098216846e+001
1.02329299228074e+006,2.18811817090600e+001,-8.39355783819946e+001
1.04712854805088e+006,2.16865778963120e+001,-8.42805003161667e+001
1.07151930523759e+006,2.14916190578457e+001,-8.46228227256624e+001
1.09647819614317e+006,2.12963146591922e+001,-8.49626931709392e+001
1.12201845430195e+006,2.11006735475995e+001,-8.53002596126148e+001
1.14815362149686e+006,2.09047039623417e+001,-8.56356703585349e+001
1.17489755493951e+006,2.07084135445146e+001,-8.59690740163431e+001
1.20226443461739e+006,2.05118093462880e+001,-8.63006194511626e+001
1.23026877081236e+006,2.03148978395877e+001,-8.66304557479999e+001
1.25892541179415e+006,2.01176849241851e+001,-8.69587321784916e+001
1.28824955169311e+006,1.99201759351717e+001,-8.72855981716162e+001
1.31825673855639e+006,1.97223756498021e+001,-8.76112032880036e+001
1.34896288259163e+006,1.95242882936874e+001,-8.79356971974753e+001
1.38038426460286e+006,1.93259175463264e+001,-8.82592296594594e+001
1.41253754462273e+006,1.91272665459626e+001,-8.85819505059241e+001
1.44543977074590e+006,1.89283378937558e+001,-8.89040096264816e+001
1.47910838816818e+006,1.87291336572606e+001,-8.92255569553162e+001
1.51356124843618e+006,1.85296553732046e+001,-8.95467424595955e+001
1.54881661891246e+006,1.83299040495610e+001,-8.98677161290252e+001
1.58489319246109e+006,1.81298801669120e+001,-9.01886279662107e+001
1.62181009735890e+006,1.79295836790994e+001,-9.05096279774905e+001
1.65958690743753e+006,1.77290140131617e+001,-9.08308661639077e+001
1.69824365246172e+006,1.75281700685589e+001,-9.11524925119850e+001
1.73780082874935e+006,1.73270502156847e+001,-9.14746569839689e+001
1.77827941003889e+006,1.71256522936695e+001,-9.17975095072088e+001
1.81970085860995e+006,1.69239736074794e+001,-9.21211999623326e+001
1.86208713666284e+006,1.67220109243151e+001,-9.24458781698798e+001
1.90546071796322e+006,1.65197604693202e+001,-9.27716938750507e+001
1.94984459975801e+006,1.63172179206045e+001,-9.30987967302234e+001
1.99526231496885e+006,1.61143784035968e+001,-9.34273362748904e+001
2.04173794466950e+006,1.59112364847352e+001,-9.37574619126597e+001
2.08929613085400e+006,1.57077861645135e+001,-9.40893228849593e+001
2.13796208950220e+006,1.55040208698966e+001,-9.44230682410816e+001
2.18776162394952e+006,1.52999334461259e+001,-9.47588468041960e+001
2.23872113856830e+006,1.50955161479355e+001,-9.50968071329532e+001
2.29086765276773e+006,1.48907606302025e+001,-9.54370974782987e+001
2.34422881531988e+006,1.46856579380591e+001,-9.57798657351075e+001
2.39883291901945e+006,1.44801984964972e+001,-9.61252593882458e+001
2.45470891568499e+006,1.42743720994975e+001,-9.64734254526602e+001
2.51188643150954e+006,1.40681678987222e+001,-9.68245104070917e+001
2.57039578276882e+006,1.38615743918115e+001,-9.71786601210047e+001
2.63026799189534e+006,1.36545794103309e+001,-9.75360197743217e+001
2.69153480392687e+006,1.34471701074179e+001,-9.78967337695495e+001
2.75422870333812e+006,1.32393329451855e+001,-9.82609456358831e+001
2.81838293126441e+006,1.30310536819414e+001,-9.86287979248755e+001
2.88403150312656e+006,1.28223173592906e+001,-9.90004320972625e+001
2.95120922666634e+006,1.26131082891929e+001,-9.93759884005382e+001
3.01995172040196e+006,1.24034100410537e+001,-9.97556057368851e+001
3.09029543251354e+006,1.21932054289343e+001,-1.00139421521071e+002
3.16227766016832e+006,1.19824764989727e+001,-1.00527571527939e+002
3.23593656929623e+006,1.17712045171154e+001,-1.00920189729145e+002
3.31131121482585e+006,1.15593699572662e+001,-1.01317408118791e+002
3.38844156139197e+006,1.13469524899674e+001,-1.01719356527666e+002
3.46736850452526e+006,1.11339309717359e+001,-1.02126162425809e+002
3.54813389233569e+006,1.09202834351847e+001,-1.02537950713153e+002
3.63078054770095e+006,1.07059870800698e+001,-1.02954843498061e+002
3.71535229097166e+006,1.04910182654078e+001,-1.03376959863589e+002
3.80189396320555e+006,1.02753525028231e+001,-1.03804415621404e+002
3.89045144994274e+006,1.00589644512846e+001,-1.04237323053302e+002
3.98107170553490e+006,9.84182791340632e+000,-1.04675790640382e+002
4.07380277804106e+006,9.62391583348949e+000,-1.05119922779981e+002
4.16869383470328e+006,9.40520029749315e+000,-1.05569819490571e+002
4.26579518801585e+006,9.18565253512512e+000,-1.06025576104920e+002
4.36515832240158e+006,8.96524292425219e+000,-1.06487282951904e+002
4.46683592150955e+006,8.74394099783244e+000,-1.06955025027483e+002
4.57088189614867e+006,8.52171545357651e+000,-1.07428881655472e+002
4.67735141287190e+006,8.29853416654708e+000,-1.07908926138852e+002
4.78630092322630e+006,8.07436420490651e+000,-1.08395225402522e+002
4.89778819368437e+006,7.84917184902214e+000,-1.08887839628522e+002
5.01187233627263e+006,7.62292261413578e+000,-1.09386821884907e+002
5.12861383991356e+006,7.39558127679934e+000,-1.09892217749631e+002
5.24807460249763e+006,7.16711190527124e+000,-1.10404064930918e+002
5.37031796370243e+006,6.93747789405871e+000,-1.10922392885815e+002
5.49540873857615e+006,6.70664200277881e+000,-1.11447222438746e+002
5.62341325190339e+006,6.47456639949522e+000,-1.11978565402079e+002
5.75439937337146e+006,6.24121270867011e+000,-1.12516424200879e+002
5.88843655355578e+006,6.00654206384812e+000,-1.13060791504180e+002
6.02559586074347e+006,5.77051516516502e+000,-1.13611649865268e+002
6.16595001861471e+006,5.53309234174486e+000,-1.14168971373618e+002
6.30957344480182e+006,5.29423361901788e+000,-1.14732717321268e+002
6.45654229034644e+006,5.05389879095604e+000,-1.15302837886517e+002
6.60693448007584e+006,4.81204749718484e+000,-1.15879271837964e+002
6.76082975391969e+006,4.56863930488784e+000,-1.16461946261969e+002
6.91830970918924e+006,4.32363379537651e+000,-1.17050776316680e+002
7.07945784384125e+006,4.07699065515005e+000,-1.17645665015802e+002
7.24435960074977e+006,3.82866977122102e+000,-1.18246503045285e+002
7.41310241300904e+006,3.57863133043080e+000,-1.18853168616068e+002
7.58577575029170e+006,3.32683592242701e+000,-1.19465527355940e+002
7.76247116628677e+006,3.07324464592145e+000,-1.20083432243489e+002
7.94328234724267e+006,2.81781921779453e+000,-1.20706723586926e+002
8.12830516164084e+006,2.56052208455971e+000,-1.21335229050403e+002
8.31763771102655e+006,2.30131653565123e+000,-1.21968763730194e+002
8.51138038202361e+006,2.04016681795017e+000,-1.22607130282826e+002
8.70963589956064e+006,1.77703825091972e+000,-1.23250119106924e+002
8.91250938133729e+006,1.51189734168010e+000,-1.23897508580174e+002
9.12010839355893e+006,1.24471189931859e+000,-1.24549065352395e+002
9.33254300796974e+006,9.75451147701397e-001,-1.25204544695280e+002
9.54992586021418e+006,7.04085836032175e-001,-1.25863690908892e+002
9.77237220955792e+006,4.30588346387548e-001,-1.26526237784504e+002
1.00000000000000e+007,1.54932797454255e-001,-1.27191909122871e+002
