-27.60000E+00,-5.00445E+00,+13.30078E+00
-27.58000E+00,-4.99469E+00,+13.30078E+00
-27.56000E+00,-4.98492E+00,+13.30078E+00
-27.54000E+00,-4.97516E+00,+13.30078E+00
-27.52000E+00,-4.96539E+00,+13.30078E+00
-27.50000E+00,-4.95563E+00,+13.30078E+00
-27.48000E+00,-4.94586E+00,+13.30078E+00
-27.46000E+00,-4.93609E+00,+13.30078E+00
-27.44000E+00,-4.92633E+00,+13.30078E+00
-27.42000E+00,-4.91656E+00,+13.30078E+00
-27.40000E+00,-4.90680E+00,+13.31055E+00
-27.38000E+00,-4.89703E+00,+13.30078E+00
-27.36000E+00,-4.88727E+00,+13.30078E+00
-27.34000E+00,-4.87750E+00,+13.30078E+00
-27.32000E+00,-4.86773E+00,+13.30078E+00
-27.30000E+00,-4.86773E+00,+13.31055E+00
-27.28000E+00,-4.84820E+00,+13.31055E+00
-27.26000E+00,-4.84820E+00,+13.30078E+00
-27.24000E+00,-4.83844E+00,+13.30078E+00
-27.22000E+00,-4.82867E+00,+13.30078E+00
-27.20000E+00,-4.81891E+00,+13.30078E+00
-27.18000E+00,-4.80914E+00,+13.30078E+00
-27.16000E+00,-4.79938E+00,+13.30078E+00
-27.14000E+00,-4.78961E+00,+13.30078E+00
-27.12000E+00,-4.77984E+00,+13.30078E+00
-27.10000E+00,-4.77008E+00,+13.30078E+00
-27.08000E+00,-4.76031E+00,+13.31055E+00
-27.06000E+00,-4.75055E+00,+13.31055E+00
-27.04000E+00,-4.74078E+00,+13.31055E+00
-27.02000E+00,-4.73102E+00,+13.31055E+00
-27.00000E+00,-4.72125E+00,+13.31055E+00
-26.98000E+00,-4.72125E+00,+13.31055E+00
-26.96000E+00,-4.71148E+00,+13.31055E+00
-26.94000E+00,-4.70172E+00,+13.30078E+00
-26.92000E+00,-4.69195E+00,+13.30078E+00
-26.90000E+00,-4.68219E+00,+13.30078E+00
-26.88000E+00,-4.67242E+00,+13.30078E+00
-26.86000E+00,-4.66266E+00,+13.31055E+00
-26.84000E+00,-4.65289E+00,+13.31055E+00
-26.82000E+00,-4.64313E+00,+13.31055E+00
-26.80000E+00,-4.62359E+00,+13.30078E+00
-26.78000E+00,-4.61383E+00,+13.30078E+00
-26.76000E+00,-4.60406E+00,+13.30078E+00
-26.74000E+00,-4.59430E+00,+13.30078E+00
-26.72000E+00,-4.59430E+00,+13.30078E+00
-26.70000E+00,-4.58453E+00,+13.30078E+00
-26.68000E+00,-4.56500E+00,+13.30078E+00
-26.66000E+00,-4.56500E+00,+13.30078E+00
-26.64000E+00,-4.55523E+00,+13.30078E+00
-26.62000E+00,-4.54547E+00,+13.30078E+00
-26.60000E+00,-4.53570E+00,+13.30078E+00
-26.58000E+00,-4.51617E+00,+13.30078E+00
-26.56000E+00,-4.50641E+00,+13.30078E+00
-26.54000E+00,-4.49664E+00,+13.30078E+00
-26.52000E+00,-4.48688E+00,+13.30078E+00
-26.50000E+00,-4.47711E+00,+13.30078E+00
-26.48000E+00,-4.46734E+00,+13.30078E+00
-26.46000E+00,-4.45758E+00,+13.30078E+00
-26.44000E+00,-4.44781E+00,+13.30078E+00
-26.42000E+00,-4.43805E+00,+13.30078E+00
-26.40000E+00,-4.42828E+00,+13.30078E+00
-26.38000E+00,-4.41852E+00,+13.30078E+00
-26.36000E+00,-4.40875E+00,+13.30078E+00
-26.34000E+00,-4.38922E+00,+13.30078E+00
-26.32000E+00,-4.37945E+00,+13.30078E+00
-26.30000E+00,-4.36969E+00,+13.30078E+00
-26.28000E+00,-4.35992E+00,+13.30078E+00
-26.26000E+00,-4.35016E+00,+13.30078E+00
-26.24000E+00,-4.34039E+00,+13.30078E+00
-26.22000E+00,-4.33063E+00,+13.30078E+00
-26.20000E+00,-4.32086E+00,+13.30078E+00
-26.18000E+00,-4.31109E+00,+13.30078E+00
-26.16000E+00,-4.30133E+00,+13.30078E+00
-26.14000E+00,-4.29156E+00,+13.30078E+00
-26.12000E+00,-4.28180E+00,+13.30078E+00
-26.10000E+00,-4.27203E+00,+13.30078E+00
-26.08000E+00,-4.26227E+00,+13.30078E+00
-26.06000E+00,-4.25250E+00,+13.30078E+00
-26.04000E+00,-4.24273E+00,+13.30078E+00
-26.02000E+00,-4.23297E+00,+13.30078E+00
-26.00000E+00,-4.22320E+00,+13.30078E+00
-25.98000E+00,-4.21344E+00,+13.30078E+00
-25.96000E+00,-4.20367E+00,+13.30078E+00
-25.94000E+00,-4.19391E+00,+13.30078E+00
-25.92000E+00,-4.18414E+00,+13.30078E+00
-25.90000E+00,-4.17438E+00,+13.30078E+00
-25.88000E+00,-4.16461E+00,+13.30078E+00
-25.86000E+00,-4.15484E+00,+13.30078E+00
-25.84000E+00,-4.14508E+00,+13.30078E+00
-25.82000E+00,-4.13531E+00,+13.30078E+00
-25.80000E+00,-4.12555E+00,+13.30078E+00
-25.78000E+00,-4.11578E+00,+13.30078E+00
-25.76000E+00,-4.10602E+00,+13.30078E+00
-25.74000E+00,-4.09625E+00,+13.30078E+00
-25.72000E+00,-4.08648E+00,+13.30078E+00
-25.70000E+00,-4.07672E+00,+13.30078E+00
-25.68000E+00,-4.06695E+00,+13.30078E+00
-25.66000E+00,-4.05719E+00,+13.30078E+00
-25.64000E+00,-4.04742E+00,+13.30078E+00
-25.62000E+00,-4.03766E+00,+13.30078E+00
-25.60000E+00,-4.02789E+00,+13.30078E+00
-25.58000E+00,-4.01813E+00,+13.30078E+00
-25.56000E+00,-4.00836E+00,+13.30078E+00
-25.54000E+00,-3.99859E+00,+13.30078E+00
-25.52000E+00,-3.98883E+00,+13.30078E+00
-25.50000E+00,-3.97906E+00,+13.30078E+00
-25.48000E+00,-3.96930E+00,+13.30078E+00
-25.46000E+00,-3.96930E+00,+13.30078E+00
-25.44000E+00,-3.95953E+00,+13.30078E+00
-25.42000E+00,-3.94977E+00,+13.30078E+00
-25.40000E+00,-3.94000E+00,+13.30078E+00
-25.38000E+00,-3.93023E+00,+13.30078E+00
-25.36000E+00,-3.91070E+00,+13.30078E+00
-25.34000E+00,-3.91070E+00,+13.30078E+00
-25.32000E+00,-3.89117E+00,+13.30078E+00
-25.30000E+00,-3.88141E+00,+13.30078E+00
-25.28000E+00,-3.87164E+00,+13.30078E+00
-25.26000E+00,-3.86188E+00,+13.30078E+00
-25.24000E+00,-3.85211E+00,+13.30078E+00
-25.22000E+00,-3.84234E+00,+13.30078E+00
-25.20000E+00,-3.83258E+00,+13.30078E+00
-25.18000E+00,-3.83258E+00,+13.30078E+00
-25.16000E+00,-3.82281E+00,+13.30078E+00
-25.14000E+00,-3.81305E+00,+13.30078E+00
-25.12000E+00,-3.80328E+00,+13.30078E+00
-25.10000E+00,-3.79352E+00,+13.30078E+00
-25.08000E+00,-3.78375E+00,+13.30078E+00
-25.06000E+00,-3.77398E+00,+13.30078E+00
-25.04000E+00,-3.76422E+00,+13.31055E+00
-25.02000E+00,-3.75445E+00,+13.30078E+00
-25.00000E+00,-3.74469E+00,+13.30078E+00
-24.98000E+00,-3.73492E+00,+13.30078E+00
-24.96000E+00,-3.72516E+00,+13.31055E+00
-24.94000E+00,-3.72516E+00,+13.31055E+00
-24.92000E+00,-3.71539E+00,+13.30078E+00
-24.90000E+00,-3.69586E+00,+13.30078E+00
-24.88000E+00,-3.69586E+00,+13.30078E+00
-24.86000E+00,-3.68609E+00,+13.30078E+00
-24.84000E+00,-3.67633E+00,+13.30078E+00
-24.82000E+00,-3.66656E+00,+13.30078E+00
-24.80000E+00,-3.64703E+00,+13.30078E+00
-24.78000E+00,-3.63727E+00,+13.30078E+00
-24.76000E+00,-3.62750E+00,+13.30078E+00
-24.74000E+00,-3.61773E+00,+13.30078E+00
-24.72000E+00,-3.61773E+00,+13.30078E+00
-24.70000E+00,-3.59820E+00,+13.30078E+00
-24.68000E+00,-3.58844E+00,+13.30078E+00
-24.66000E+00,-3.57867E+00,+13.31055E+00
-24.64000E+00,-3.56891E+00,+13.30078E+00
-24.62000E+00,-3.55914E+00,+13.30078E+00
-24.60000E+00,-3.54938E+00,+13.30078E+00
-24.58000E+00,-3.53961E+00,+13.30078E+00
-24.56000E+00,-3.52984E+00,+13.30078E+00
-24.54000E+00,-3.52008E+00,+13.31055E+00
-24.52000E+00,-3.51031E+00,+13.30078E+00
-24.50000E+00,-3.49078E+00,+13.30078E+00
-24.48000E+00,-3.48102E+00,+13.30078E+00
-24.46000E+00,-3.47125E+00,+13.30078E+00
-24.44000E+00,-3.47125E+00,+13.31055E+00
-24.42000E+00,-3.45172E+00,+13.31055E+00
-24.40000E+00,-3.44195E+00,+13.31055E+00
-24.38000E+00,-3.43219E+00,+13.31055E+00
-24.36000E+00,-3.42242E+00,+13.31055E+00
-24.34000E+00,-3.41266E+00,+13.30078E+00
-24.32000E+00,-3.40289E+00,+13.30078E+00
-24.30000E+00,-3.39313E+00,+13.31055E+00
-24.28000E+00,-3.38336E+00,+13.31055E+00
-24.26000E+00,-3.37359E+00,+13.31055E+00
-24.24000E+00,-3.36383E+00,+13.31055E+00
-24.22000E+00,-3.36383E+00,+13.31055E+00
-24.20000E+00,-3.35406E+00,+13.31055E+00
-24.18000E+00,-3.34430E+00,+13.31055E+00
-24.16000E+00,-3.33453E+00,+13.31055E+00
-24.14000E+00,-3.32477E+00,+13.31055E+00
-24.12000E+00,-3.31500E+00,+13.31055E+00
-24.10000E+00,-3.30523E+00,+13.31055E+00
-24.08000E+00,-3.29547E+00,+13.31055E+00
-24.06000E+00,-3.28570E+00,+13.31055E+00
-24.04000E+00,-3.27594E+00,+13.31055E+00
-24.02000E+00,-3.26617E+00,+13.31055E+00
-24.00000E+00,-3.24664E+00,+13.31055E+00
-23.98000E+00,-3.23688E+00,+13.31055E+00
-23.96000E+00,-3.23688E+00,+13.31055E+00
-23.94000E+00,-3.21734E+00,+13.31055E+00
-23.92000E+00,-3.20758E+00,+13.31055E+00
-23.90000E+00,-3.19781E+00,+13.30078E+00
-23.88000E+00,-3.18805E+00,+13.31055E+00
-23.86000E+00,-3.17828E+00,+13.31055E+00
-23.84000E+00,-3.16852E+00,+13.31055E+00
-23.82000E+00,-3.15875E+00,+13.31055E+00
-23.80000E+00,-3.14898E+00,+13.31055E+00
-23.78000E+00,-3.13922E+00,+13.31055E+00
-23.76000E+00,-3.12945E+00,+13.31055E+00
-23.74000E+00,-3.11969E+00,+13.31055E+00
-23.72000E+00,-3.10992E+00,+13.31055E+00
-23.70000E+00,-3.10016E+00,+13.30078E+00
-23.68000E+00,-3.09039E+00,+13.31055E+00
-23.66000E+00,-3.08063E+00,+13.31055E+00
-23.64000E+00,-3.07086E+00,+13.31055E+00
-23.62000E+00,-3.06109E+00,+13.31055E+00
-23.60000E+00,-3.05133E+00,+13.31055E+00
-23.58000E+00,-3.04156E+00,+13.31055E+00
-23.56000E+00,-3.03180E+00,+13.31055E+00
-23.54000E+00,-3.02203E+00,+13.31055E+00
-23.52000E+00,-3.01227E+00,+13.31055E+00
-23.50000E+00,-3.00250E+00,+13.31055E+00
-23.48000E+00,-2.99273E+00,+13.31055E+00
-23.46000E+00,-2.98297E+00,+13.31055E+00
-23.44000E+00,-2.97320E+00,+13.31055E+00
-23.42000E+00,-2.96344E+00,+13.31055E+00
-23.40000E+00,-2.95367E+00,+13.31055E+00
-23.38000E+00,-2.94391E+00,+13.31055E+00
-23.36000E+00,-2.93414E+00,+13.30078E+00
-23.34000E+00,-2.92438E+00,+13.31055E+00
-23.32000E+00,-2.91461E+00,+13.31055E+00
-23.30000E+00,-2.90484E+00,+13.31055E+00
-23.28000E+00,-2.88531E+00,+13.31055E+00
-23.26000E+00,-2.87555E+00,+13.31055E+00
-23.24000E+00,-2.86578E+00,+13.31055E+00
-23.22000E+00,-2.85602E+00,+13.31055E+00
-23.20000E+00,-2.84625E+00,+13.31055E+00
-23.18000E+00,-2.83648E+00,+13.31055E+00
-23.16000E+00,-2.82672E+00,+13.31055E+00
-23.14000E+00,-2.81695E+00,+13.31055E+00
-23.12000E+00,-2.80719E+00,+13.30078E+00
-23.10000E+00,-2.79742E+00,+13.31055E+00
-23.08000E+00,-2.78766E+00,+13.31055E+00
-23.06000E+00,-2.77789E+00,+13.31055E+00
-23.04000E+00,-2.76813E+00,+13.31055E+00
-23.02000E+00,-2.75836E+00,+13.31055E+00
-23.00000E+00,-2.74859E+00,+13.31055E+00
-22.98000E+00,-2.73883E+00,+13.31055E+00
-22.96000E+00,-2.72906E+00,+13.31055E+00
-22.94000E+00,-2.71930E+00,+13.31055E+00
-22.92000E+00,-2.70953E+00,+13.31055E+00
-22.90000E+00,-2.69977E+00,+13.31055E+00
-22.88000E+00,-2.69000E+00,+13.31055E+00
-22.86000E+00,-2.69000E+00,+13.31055E+00
-22.84000E+00,-2.67047E+00,+13.30078E+00
-22.82000E+00,-2.66070E+00,+13.31055E+00
-22.80000E+00,-2.65094E+00,+13.31055E+00
-22.78000E+00,-2.64117E+00,+13.30078E+00
-22.76000E+00,-2.63141E+00,+13.31055E+00
-22.74000E+00,-2.62164E+00,+13.31055E+00
-22.72000E+00,-2.61188E+00,+13.31055E+00
-22.70000E+00,-2.60211E+00,+13.31055E+00
-22.68000E+00,-2.59234E+00,+13.31055E+00
-22.66000E+00,-2.58258E+00,+13.31055E+00
-22.64000E+00,-2.56305E+00,+13.30078E+00
-22.62000E+00,-2.55328E+00,+13.30078E+00
-22.60000E+00,-2.54352E+00,+13.30078E+00
-22.58000E+00,-2.53375E+00,+13.31055E+00
-22.56000E+00,-2.52398E+00,+13.31055E+00
-22.54000E+00,-2.51422E+00,+13.31055E+00
-22.52000E+00,-2.50445E+00,+13.31055E+00
-22.50000E+00,-2.49469E+00,+13.31055E+00
-22.48000E+00,-2.48492E+00,+13.31055E+00
-22.46000E+00,-2.47516E+00,+13.30078E+00
-22.44000E+00,-2.46539E+00,+13.31055E+00
-22.42000E+00,-2.45563E+00,+13.31055E+00
-22.40000E+00,-2.44586E+00,+13.30078E+00
-22.38000E+00,-2.42633E+00,+13.30078E+00
-22.36000E+00,-2.41656E+00,+13.30078E+00
-22.34000E+00,-2.40680E+00,+13.30078E+00
-22.32000E+00,-2.39703E+00,+13.30078E+00
-22.30000E+00,-2.38727E+00,+13.30078E+00
-22.28000E+00,-2.37750E+00,+13.31055E+00
-22.26000E+00,-2.36773E+00,+13.31055E+00
-22.24000E+00,-2.35797E+00,+13.30078E+00
-22.22000E+00,-2.34820E+00,+13.30078E+00
-22.20000E+00,-2.33844E+00,+13.30078E+00
-22.18000E+00,-2.32867E+00,+13.31055E+00
-22.16000E+00,-2.31891E+00,+13.30078E+00
-22.14000E+00,-2.30914E+00,+13.31055E+00
-22.12000E+00,-2.29938E+00,+13.31055E+00
-22.10000E+00,-2.28961E+00,+13.31055E+00
-22.08000E+00,-2.27984E+00,+13.30078E+00
-22.06000E+00,-2.27008E+00,+13.30078E+00
-22.04000E+00,-2.26031E+00,+13.31055E+00
-22.02000E+00,-2.25055E+00,+13.30078E+00
-22.00000E+00,-2.24078E+00,+13.30078E+00
-21.98000E+00,-2.23102E+00,+13.31055E+00
-21.96000E+00,-2.22125E+00,+13.31055E+00
-21.94000E+00,-2.21148E+00,+13.31055E+00
-21.92000E+00,-2.21148E+00,+13.31055E+00
-21.90000E+00,-2.20172E+00,+13.31055E+00
-21.88000E+00,-2.19195E+00,+13.31055E+00
-21.86000E+00,-2.18219E+00,+13.30078E+00
-21.84000E+00,-2.17242E+00,+13.30078E+00
-21.82000E+00,-2.16266E+00,+13.31055E+00
-21.80000E+00,-2.15289E+00,+13.30078E+00
-21.78000E+00,-2.14313E+00,+13.31055E+00
-21.76000E+00,-2.13336E+00,+13.31055E+00
-21.74000E+00,-2.12359E+00,+13.31055E+00
-21.72000E+00,-2.11383E+00,+13.31055E+00
-21.70000E+00,-2.10406E+00,+13.31055E+00
-21.68000E+00,-2.09430E+00,+13.30078E+00
-21.66000E+00,-2.08453E+00,+13.30078E+00
-21.64000E+00,-2.07477E+00,+13.31055E+00
-21.62000E+00,-2.06500E+00,+13.30078E+00
-21.60000E+00,-2.05523E+00,+13.30078E+00
-21.58000E+00,-2.04547E+00,+13.30078E+00
-21.56000E+00,-2.03570E+00,+13.30078E+00
-21.54000E+00,-2.02594E+00,+13.30078E+00
-21.52000E+00,-2.01617E+00,+13.31055E+00
-21.50000E+00,-2.00641E+00,+13.31055E+00
-21.48000E+00,-1.99664E+00,+13.31055E+00
-21.46000E+00,-1.98688E+00,+13.30078E+00
-21.44000E+00,-1.97711E+00,+13.31055E+00
-21.42000E+00,-1.96734E+00,+13.31055E+00
-21.40000E+00,-1.95758E+00,+13.31055E+00
-21.38000E+00,-1.94781E+00,+13.31055E+00
-21.36000E+00,-1.93805E+00,+13.30078E+00
-21.34000E+00,-1.92828E+00,+13.30078E+00
-21.32000E+00,-1.91852E+00,+13.30078E+00
-21.30000E+00,-1.90875E+00,+13.30078E+00
-21.28000E+00,-1.89898E+00,+13.30078E+00
-21.26000E+00,-1.88922E+00,+13.30078E+00
-21.24000E+00,-1.87945E+00,+13.30078E+00
-21.22000E+00,-1.86969E+00,+13.30078E+00
-21.20000E+00,-1.85992E+00,+13.30078E+00
-21.18000E+00,-1.85016E+00,+13.31055E+00
-21.16000E+00,-1.84039E+00,+13.30078E+00
-21.14000E+00,-1.83063E+00,+13.30078E+00
-21.12000E+00,-1.82086E+00,+13.24219E+00
-21.10000E+00,-1.81109E+00,+13.15430E+00
-21.08000E+00,-1.80133E+00,+13.05664E+00
-21.06000E+00,-1.79156E+00,+12.95898E+00
-21.04000E+00,-1.78180E+00,+12.86133E+00
-21.02000E+00,-1.77203E+00,+12.76367E+00
-21.00000E+00,-1.75250E+00,+12.66602E+00
-20.98000E+00,-1.74273E+00,+12.56836E+00
-20.96000E+00,-1.74273E+00,+12.47070E+00
-20.94000E+00,-1.72320E+00,+12.38281E+00
-20.92000E+00,-1.71344E+00,+12.29492E+00
-20.90000E+00,-1.70367E+00,+12.20703E+00
-20.88000E+00,-1.69391E+00,+12.11914E+00
-20.86000E+00,-1.68414E+00,+12.03125E+00
-20.84000E+00,-1.67438E+00,+11.94336E+00
-20.82000E+00,-1.66461E+00,+11.84570E+00
-20.80000E+00,-1.65484E+00,+11.75781E+00
-20.78000E+00,-1.64508E+00,+11.65039E+00
-20.76000E+00,-1.63531E+00,+11.54297E+00
-20.74000E+00,-1.62555E+00,+11.44531E+00
-20.72000E+00,-1.61578E+00,+11.34766E+00
-20.70000E+00,-1.60602E+00,+11.24023E+00
-20.68000E+00,-1.59625E+00,+11.14258E+00
-20.66000E+00,-1.58648E+00,+11.04492E+00
-20.64000E+00,-1.57672E+00,+10.95703E+00
-20.62000E+00,-1.56695E+00,+10.86914E+00
-20.60000E+00,-1.54742E+00,+10.77148E+00
-20.58000E+00,-1.54742E+00,+10.67383E+00
-20.56000E+00,-1.52789E+00,+10.56641E+00
-20.54000E+00,-1.51813E+00,+10.45898E+00
-20.52000E+00,-1.51813E+00,+10.35156E+00
-20.50000E+00,-1.49859E+00,+10.25391E+00
-20.48000E+00,-1.49859E+00,+10.15625E+00
-20.46000E+00,-1.48883E+00,+10.05859E+00
-20.44000E+00,-1.47906E+00,+9.96094E+00
-20.42000E+00,-1.46930E+00,+9.87305E+00
-20.40000E+00,-1.45953E+00,+9.77539E+00
-20.38000E+00,-1.44977E+00,+9.67773E+00
-20.36000E+00,-1.44000E+00,+9.58008E+00
-20.34000E+00,-1.43023E+00,+9.48242E+00
-20.32000E+00,-1.42047E+00,+9.38477E+00
-20.30000E+00,-1.41070E+00,+9.28711E+00
-20.28000E+00,-1.40094E+00,+9.19922E+00
-20.26000E+00,-1.39117E+00,+9.11133E+00
-20.24000E+00,-1.38141E+00,+9.02344E+00
-20.22000E+00,-1.37164E+00,+8.91602E+00
-20.20000E+00,-1.36188E+00,+8.80859E+00
-20.18000E+00,-1.35211E+00,+8.72070E+00
-20.16000E+00,-1.34234E+00,+8.62305E+00
-20.14000E+00,-1.33258E+00,+8.52539E+00
-20.12000E+00,-1.32281E+00,+8.42773E+00
-20.10000E+00,-1.32281E+00,+8.33984E+00
-20.08000E+00,-1.31305E+00,+8.24219E+00
-20.06000E+00,-1.30328E+00,+8.15430E+00
-20.04000E+00,-1.29352E+00,+8.04688E+00
-20.02000E+00,-1.28375E+00,+7.94922E+00
-20.00000E+00,-1.27398E+00,+7.85156E+00
-19.98000E+00,-1.26422E+00,+7.74414E+00
-19.96000E+00,-1.25445E+00,+7.64648E+00
-19.94000E+00,-1.25445E+00,+7.54883E+00
-19.92000E+00,-1.24469E+00,+7.47070E+00
-19.90000E+00,-1.23492E+00,+7.37305E+00
-19.88000E+00,-1.22516E+00,+7.28516E+00
-19.86000E+00,-1.21539E+00,+7.18750E+00
-19.84000E+00,-1.20563E+00,+7.09961E+00
-19.82000E+00,-1.19586E+00,+7.00195E+00
-19.80000E+00,-1.18609E+00,+6.90430E+00
-19.78000E+00,-1.17633E+00,+6.80664E+00
-19.76000E+00,-1.16656E+00,+6.70898E+00
-19.74000E+00,-1.15680E+00,+6.61133E+00
-19.72000E+00,-1.14703E+00,+6.52344E+00
-19.70000E+00,-1.13727E+00,+6.42578E+00
-19.68000E+00,-1.12750E+00,+6.32813E+00
-19.66000E+00,-1.11773E+00,+6.24023E+00
-19.64000E+00,-1.10797E+00,+6.14258E+00
-19.62000E+00,-1.09820E+00,+6.04492E+00
-19.60000E+00,-1.08844E+00,+5.94727E+00
-19.58000E+00,-1.07867E+00,+5.84961E+00
-19.56000E+00,-1.06891E+00,+5.74219E+00
-19.54000E+00,-1.05914E+00,+5.65430E+00
-19.52000E+00,-1.04938E+00,+5.55664E+00
-19.50000E+00,-1.03961E+00,+5.46875E+00
-19.48000E+00,-1.02984E+00,+5.35156E+00
-19.46000E+00,-1.02008E+00,+5.26367E+00
-19.44000E+00,-1.01031E+00,+5.16602E+00
-19.42000E+00,-1.00055E+00,+5.06836E+00
-19.40000E+00,-1.00055E+00,+4.97070E+00
-19.38000E+00,-990.78E-03,+4.88281E+00
-19.36000E+00,-981.02E-03,+4.78516E+00
-19.34000E+00,-971.25E-03,+4.68750E+00
-19.32000E+00,-961.48E-03,+4.58008E+00
-19.30000E+00,-951.72E-03,+4.47266E+00
-19.28000E+00,-941.95E-03,+4.36523E+00
-19.26000E+00,-932.19E-03,+4.26758E+00
-19.24000E+00,-922.42E-03,+4.16992E+00
-19.22000E+00,-912.66E-03,+4.07227E+00
-19.20000E+00,-902.89E-03,+3.97461E+00
-19.18000E+00,-893.13E-03,+3.87695E+00
-19.16000E+00,-883.36E-03,+3.76953E+00
-19.14000E+00,-873.59E-03,+3.67188E+00
-19.12000E+00,-863.83E-03,+3.57422E+00
-19.10000E+00,-854.06E-03,+3.46680E+00
-19.08000E+00,-834.53E-03,+3.37891E+00
-19.06000E+00,-824.77E-03,+3.29102E+00
-19.04000E+00,-824.77E-03,+3.19336E+00
-19.02000E+00,-815.00E-03,+3.09570E+00
-19.00000E+00,-805.23E-03,+2.99805E+00
-18.98000E+00,-795.47E-03,+2.89063E+00
-18.96000E+00,-785.70E-03,+2.78320E+00
-18.94000E+00,-775.94E-03,+2.68555E+00
-18.92000E+00,-766.17E-03,+2.59766E+00
-18.90000E+00,-756.41E-03,+2.50977E+00
-18.88000E+00,-746.64E-03,+2.42188E+00
-18.86000E+00,-736.88E-03,+2.33398E+00
-18.84000E+00,-727.11E-03,+2.23633E+00
-18.82000E+00,-717.34E-03,+2.14844E+00
-18.80000E+00,-707.58E-03,+2.06055E+00
-18.78000E+00,-697.81E-03,+1.96289E+00
-18.76000E+00,-688.05E-03,+1.86523E+00
-18.74000E+00,-678.28E-03,+1.75781E+00
-18.72000E+00,-668.52E-03,+1.66992E+00
-18.70000E+00,-658.75E-03,+1.56250E+00
-18.68000E+00,-648.98E-03,+1.45508E+00
-18.66000E+00,-639.22E-03,+1.36719E+00
-18.64000E+00,-639.22E-03,+1.26953E+00
-18.62000E+00,-629.45E-03,+1.18164E+00
-18.60000E+00,-619.69E-03,+1.08398E+00
-18.58000E+00,-609.92E-03,+976.56E-03
-18.56000E+00,-600.16E-03,+878.91E-03
-18.54000E+00,-590.39E-03,+781.25E-03
-18.52000E+00,-580.63E-03,+683.59E-03
-18.50000E+00,-570.86E-03,+585.94E-03
-18.48000E+00,-561.09E-03,+478.52E-03
-18.46000E+00,-551.33E-03,+371.09E-03
-18.44000E+00,-541.56E-03,+283.20E-03
-18.42000E+00,-531.80E-03,+185.55E-03
-18.40000E+00,-522.03E-03,+87.89E-03
-18.38000E+00,-512.27E-03,+0.0E+00
-18.36000E+00,-502.50E-03,-87.89E-03
-18.34000E+00,-492.73E-03,-166.02E-03
-18.32000E+00,-482.97E-03,-253.91E-03
-18.30000E+00,-473.20E-03,-341.80E-03
-18.28000E+00,-463.44E-03,-429.69E-03
-18.26000E+00,-453.67E-03,-517.58E-03
-18.24000E+00,-443.91E-03,-615.23E-03
-18.22000E+00,-424.38E-03,-722.66E-03
-18.20000E+00,-414.61E-03,-810.55E-03
-18.18000E+00,-404.84E-03,-908.20E-03
-18.16000E+00,-395.08E-03,-1.00586E+00
-18.14000E+00,-385.31E-03,-1.10352E+00
-18.12000E+00,-375.55E-03,-1.19141E+00
-18.10000E+00,-365.78E-03,-1.26953E+00
-18.08000E+00,-356.02E-03,-1.36719E+00
-18.06000E+00,-346.25E-03,-1.45508E+00
-18.04000E+00,-336.48E-03,-1.56250E+00
-18.02000E+00,-326.72E-03,-1.66016E+00
-18.00000E+00,-316.95E-03,-1.76758E+00
-17.98000E+00,-307.19E-03,-1.86523E+00
-17.96000E+00,-297.42E-03,-1.96289E+00
-17.94000E+00,-287.66E-03,-2.06055E+00
-17.92000E+00,-277.89E-03,-2.16797E+00
-17.90000E+00,-268.13E-03,-2.26562E+00
-17.88000E+00,-258.36E-03,-2.37305E+00
-17.86000E+00,-248.59E-03,-2.47070E+00
-17.84000E+00,-238.83E-03,-2.55859E+00
-17.82000E+00,-229.06E-03,-2.64648E+00
-17.80000E+00,-219.30E-03,-2.74414E+00
-17.78000E+00,-209.53E-03,-2.84180E+00
-17.76000E+00,-199.77E-03,-2.93945E+00
-17.74000E+00,-190.00E-03,-3.03711E+00
-17.72000E+00,-180.23E-03,-3.14453E+00
-17.70000E+00,-170.47E-03,-3.25195E+00
-17.68000E+00,-160.70E-03,-3.34961E+00
-17.66000E+00,-150.94E-03,-3.44727E+00
-17.64000E+00,-141.17E-03,-3.54492E+00
-17.62000E+00,-131.41E-03,-3.63281E+00
-17.60000E+00,-121.64E-03,-3.72070E+00
-17.58000E+00,-111.88E-03,-3.80859E+00
-17.56000E+00,-102.11E-03,-3.89648E+00
-17.54000E+00,-82.58E-03,-3.98437E+00
-17.52000E+00,-82.58E-03,-4.07227E+00
-17.50000E+00,-72.81E-03,-4.17969E+00
-17.48000E+00,-63.05E-03,-4.28711E+00
-17.46000E+00,-53.28E-03,-4.38477E+00
-17.44000E+00,-43.52E-03,-4.47266E+00
-17.42000E+00,-33.75E-03,-4.58008E+00
-17.40000E+00,-14.22E-03,-4.67773E+00
-17.38000E+00,-4.45E-03,-4.77539E+00
-17.36000E+00,-4.45E-03,-4.87305E+00
-17.34000E+00,+5.31E-03,-4.97070E+00
-17.32000E+00,+24.84E-03,-5.05859E+00
-17.30000E+00,+34.61E-03,-5.15625E+00
-17.28000E+00,+44.37E-03,-5.26367E+00
-17.26000E+00,+44.37E-03,-5.36133E+00
-17.24000E+00,+54.14E-03,-5.45898E+00
-17.22000E+00,+63.91E-03,-5.56641E+00
-17.20000E+00,+73.67E-03,-5.66406E+00
-17.18000E+00,+83.44E-03,-5.76172E+00
-17.16000E+00,+93.20E-03,-5.85937E+00
-17.14000E+00,+102.97E-03,-5.95703E+00
-17.12000E+00,+112.73E-03,-6.05469E+00
-17.10000E+00,+122.50E-03,-6.16211E+00
-17.08000E+00,+132.27E-03,-6.25977E+00
-17.06000E+00,+132.27E-03,-6.34766E+00
-17.04000E+00,+142.03E-03,-6.45508E+00
-17.02000E+00,+161.56E-03,-6.54297E+00
-17.00000E+00,+171.33E-03,-6.64062E+00
-16.98000E+00,+181.09E-03,-6.73828E+00
-16.96000E+00,+190.86E-03,-6.83594E+00
-16.94000E+00,+200.62E-03,-6.93359E+00
-16.92000E+00,+210.39E-03,-7.03125E+00
-16.90000E+00,+220.16E-03,-7.11914E+00
-16.88000E+00,+229.92E-03,-7.22656E+00
-16.86000E+00,+239.69E-03,-7.32422E+00
-16.84000E+00,+249.45E-03,-7.41211E+00
-16.82000E+00,+259.22E-03,-7.50000E+00
-16.80000E+00,+268.98E-03,-7.59766E+00
-16.78000E+00,+278.75E-03,-7.69531E+00
-16.76000E+00,+278.75E-03,-7.80273E+00
-16.74000E+00,+288.52E-03,-7.90039E+00
-16.72000E+00,+298.28E-03,-7.98828E+00
-16.70000E+00,+308.05E-03,-8.08594E+00
-16.68000E+00,+317.81E-03,-8.18359E+00
-16.66000E+00,+327.58E-03,-8.29102E+00
-16.64000E+00,+337.34E-03,-8.37891E+00
-16.62000E+00,+356.87E-03,-8.46680E+00
-16.60000E+00,+366.64E-03,-8.56445E+00
-16.58000E+00,+376.41E-03,-8.65234E+00
-16.56000E+00,+386.17E-03,-8.75000E+00
-16.54000E+00,+395.94E-03,-8.84766E+00
-16.52000E+00,+405.70E-03,-8.93555E+00
-16.50000E+00,+415.47E-03,-9.03320E+00
-16.48000E+00,+425.23E-03,-9.13086E+00
-16.46000E+00,+435.00E-03,-9.22852E+00
-16.44000E+00,+444.77E-03,-9.31641E+00
-16.42000E+00,+454.53E-03,-9.40430E+00
-16.40000E+00,+464.30E-03,-9.50195E+00
-16.38000E+00,+474.06E-03,-9.59961E+00
-16.36000E+00,+483.83E-03,-9.70703E+00
-16.34000E+00,+493.59E-03,-9.80469E+00
-16.32000E+00,+503.36E-03,-9.90234E+00
-16.30000E+00,+522.89E-03,-9.99023E+00
-16.28000E+00,+532.66E-03,-10.08789E+00
-16.26000E+00,+532.66E-03,-10.18555E+00
-16.24000E+00,+542.42E-03,-10.28320E+00
-16.22000E+00,+552.19E-03,-10.38086E+00
-16.20000E+00,+571.72E-03,-10.47852E+00
-16.18000E+00,+581.48E-03,-10.57617E+00
-16.16000E+00,+591.25E-03,-10.66406E+00
-16.14000E+00,+601.02E-03,-10.76172E+00
-16.12000E+00,+610.78E-03,-10.84961E+00
-16.10000E+00,+620.55E-03,-10.94727E+00
-16.08000E+00,+630.31E-03,-11.05469E+00
-16.06000E+00,+630.31E-03,-11.16211E+00
-16.04000E+00,+640.08E-03,-11.25977E+00
-16.02000E+00,+649.84E-03,-11.34766E+00
-16.00000E+00,+659.61E-03,-11.44531E+00
-15.98000E+00,+669.37E-03,-11.54297E+00
-15.96000E+00,+688.91E-03,-11.65039E+00
-15.94000E+00,+698.67E-03,-11.74805E+00
-15.92000E+00,+698.67E-03,-11.83594E+00
-15.90000E+00,+708.44E-03,-11.93359E+00
-15.88000E+00,+718.20E-03,-12.04102E+00
-15.86000E+00,+727.97E-03,-12.13867E+00
-15.84000E+00,+737.73E-03,-12.24609E+00
-15.82000E+00,+747.50E-03,-12.34375E+00
-15.80000E+00,+757.27E-03,-12.43164E+00
-15.78000E+00,+767.03E-03,-12.51953E+00
-15.76000E+00,+776.80E-03,-12.61719E+00
-15.74000E+00,+786.56E-03,-12.71484E+00
-15.72000E+00,+796.33E-03,-12.81250E+00
-15.70000E+00,+806.09E-03,-12.91016E+00
-15.68000E+00,+815.86E-03,-13.00781E+00
-15.66000E+00,+825.62E-03,-13.10547E+00
-15.64000E+00,+835.39E-03,-13.19336E+00
-15.62000E+00,+845.16E-03,-13.30078E+00
-15.60000E+00,+854.92E-03,-13.39844E+00
-15.58000E+00,+864.69E-03,-13.48633E+00
-15.56000E+00,+874.45E-03,-13.56445E+00
-15.54000E+00,+884.22E-03,-13.66211E+00
-15.52000E+00,+903.75E-03,-13.75000E+00
-15.50000E+00,+913.52E-03,-13.83789E+00
-15.48000E+00,+923.28E-03,-13.92578E+00
-15.46000E+00,+933.05E-03,-14.02344E+00
-15.44000E+00,+942.81E-03,-14.12109E+00
-15.42000E+00,+952.58E-03,-14.18945E+00
-15.40000E+00,+962.34E-03,-14.18945E+00
-15.38000E+00,+972.11E-03,-14.19922E+00
-15.36000E+00,+981.87E-03,-14.18945E+00
-15.34000E+00,+991.64E-03,-14.19922E+00
-15.32000E+00,+1.00141E+00,-14.19922E+00
-15.30000E+00,+1.01117E+00,-14.18945E+00
-15.28000E+00,+1.02094E+00,-14.19922E+00
-15.26000E+00,+1.04047E+00,-14.18945E+00
-15.24000E+00,+1.04047E+00,-14.18945E+00
-15.22000E+00,+1.06000E+00,-14.18945E+00
-15.20000E+00,+1.06977E+00,-14.18945E+00
-15.18000E+00,+1.07953E+00,-14.18945E+00
-15.16000E+00,+1.08930E+00,-14.18945E+00
-15.14000E+00,+1.09906E+00,-14.18945E+00
-15.12000E+00,+1.10883E+00,-14.18945E+00
-15.10000E+00,+1.10883E+00,-14.18945E+00
-15.08000E+00,+1.12836E+00,-14.18945E+00
-15.06000E+00,+1.13812E+00,-14.18945E+00
-15.04000E+00,+1.14789E+00,-14.18945E+00
-15.02000E+00,+1.15766E+00,-14.18945E+00
-15.00000E+00,+1.16742E+00,-14.18945E+00
-14.98000E+00,+1.17719E+00,-14.18945E+00
-14.96000E+00,+1.18695E+00,-14.18945E+00
-14.94000E+00,+1.19672E+00,-14.18945E+00
-14.92000E+00,+1.20648E+00,-14.18945E+00
-14.90000E+00,+1.21625E+00,-14.18945E+00
-14.88000E+00,+1.22602E+00,-14.18945E+00
-14.86000E+00,+1.23578E+00,-14.18945E+00
-14.84000E+00,+1.24555E+00,-14.18945E+00
-14.82000E+00,+1.25531E+00,-14.18945E+00
-14.80000E+00,+1.26508E+00,-14.18945E+00
-14.78000E+00,+1.27484E+00,-14.18945E+00
-14.76000E+00,+1.28461E+00,-14.18945E+00
-14.74000E+00,+1.29437E+00,-14.18945E+00
-14.72000E+00,+1.30414E+00,-14.18945E+00
-14.70000E+00,+1.31391E+00,-14.18945E+00
-14.68000E+00,+1.32367E+00,-14.19922E+00
-14.66000E+00,+1.33344E+00,-14.18945E+00
-14.64000E+00,+1.34320E+00,-14.18945E+00
-14.62000E+00,+1.35297E+00,-14.18945E+00
-14.60000E+00,+1.35297E+00,-14.18945E+00
-14.58000E+00,+1.37250E+00,-14.18945E+00
-14.56000E+00,+1.37250E+00,-14.18945E+00
-14.54000E+00,+1.38227E+00,-14.18945E+00
-14.52000E+00,+1.39203E+00,-14.18945E+00
-14.50000E+00,+1.40180E+00,-14.18945E+00
-14.48000E+00,+1.41156E+00,-14.18945E+00
-14.46000E+00,+1.42133E+00,-14.18945E+00
-14.44000E+00,+1.43109E+00,-14.18945E+00
-14.42000E+00,+1.44086E+00,-14.18945E+00
-14.40000E+00,+1.45062E+00,-14.18945E+00
-14.38000E+00,+1.46039E+00,-14.18945E+00
-14.36000E+00,+1.47016E+00,-14.18945E+00
-14.34000E+00,+1.47992E+00,-14.18945E+00
-14.32000E+00,+1.48969E+00,-14.18945E+00
-14.30000E+00,+1.49945E+00,-14.18945E+00
-14.28000E+00,+1.50922E+00,-14.18945E+00
-14.26000E+00,+1.51898E+00,-14.18945E+00
-14.24000E+00,+1.51898E+00,-14.18945E+00
-14.22000E+00,+1.52875E+00,-14.18945E+00
-14.20000E+00,+1.53852E+00,-14.18945E+00
-14.18000E+00,+1.54828E+00,-14.18945E+00
-14.16000E+00,+1.55805E+00,-14.18945E+00
-14.14000E+00,+1.56781E+00,-14.18945E+00
-14.12000E+00,+1.57758E+00,-14.18945E+00
-14.10000E+00,+1.58734E+00,-14.18945E+00
-14.08000E+00,+1.58734E+00,-14.18945E+00
-14.06000E+00,+1.59711E+00,-14.18945E+00
-14.04000E+00,+1.60687E+00,-14.18945E+00
-14.02000E+00,+1.61664E+00,-14.18945E+00
-14.00000E+00,+1.62641E+00,-14.18945E+00
-13.98000E+00,+1.63617E+00,-14.18945E+00
-13.96000E+00,+1.64594E+00,-14.18945E+00
-13.94000E+00,+1.65570E+00,-14.19922E+00
-13.92000E+00,+1.66547E+00,-14.19922E+00
-13.90000E+00,+1.67523E+00,-14.18945E+00
-13.88000E+00,+1.68500E+00,-14.18945E+00
-13.86000E+00,+1.69477E+00,-14.18945E+00
-13.84000E+00,+1.70453E+00,-14.18945E+00
-13.82000E+00,+1.71430E+00,-14.18945E+00
-13.80000E+00,+1.72406E+00,-14.18945E+00
-13.78000E+00,+1.73383E+00,-14.18945E+00
-13.76000E+00,+1.74359E+00,-14.18945E+00
-13.74000E+00,+1.75336E+00,-14.18945E+00
-13.72000E+00,+1.76312E+00,-14.18945E+00
-13.70000E+00,+1.77289E+00,-14.18945E+00
-13.68000E+00,+1.78266E+00,-14.18945E+00
-13.66000E+00,+1.79242E+00,-14.18945E+00
-13.64000E+00,+1.80219E+00,-14.18945E+00
-13.62000E+00,+1.81195E+00,-14.18945E+00
-13.60000E+00,+1.82172E+00,-14.18945E+00
-13.58000E+00,+1.83148E+00,-14.18945E+00
-13.56000E+00,+1.84125E+00,-14.18945E+00
-13.54000E+00,+1.84125E+00,-14.18945E+00
-13.52000E+00,+1.86078E+00,-14.18945E+00
-13.50000E+00,+1.86078E+00,-14.18945E+00
-13.48000E+00,+1.87055E+00,-14.18945E+00
-13.46000E+00,+1.88031E+00,-14.18945E+00
-13.44000E+00,+1.89008E+00,-14.18945E+00
-13.42000E+00,+1.89984E+00,-14.18945E+00
-13.40000E+00,+1.90961E+00,-14.18945E+00
-13.38000E+00,+1.91937E+00,-14.18945E+00
-13.36000E+00,+1.92914E+00,-14.18945E+00
-13.34000E+00,+1.93891E+00,-14.18945E+00
-13.32000E+00,+1.94867E+00,-14.18945E+00
-13.30000E+00,+1.95844E+00,-14.19922E+00
-13.28000E+00,+1.96820E+00,-14.18945E+00
-13.26000E+00,+1.97797E+00,-14.18945E+00
-13.24000E+00,+1.98773E+00,-14.18945E+00
-13.22000E+00,+1.99750E+00,-14.18945E+00
-13.20000E+00,+2.00727E+00,-14.18945E+00
-13.18000E+00,+2.01703E+00,-14.18945E+00
-13.16000E+00,+2.02680E+00,-14.18945E+00
-13.14000E+00,+2.03656E+00,-14.18945E+00
-13.12000E+00,+2.04633E+00,-14.18945E+00
-13.10000E+00,+2.05609E+00,-14.18945E+00
-13.08000E+00,+2.06586E+00,-14.18945E+00
-13.06000E+00,+2.07562E+00,-14.18945E+00
-13.04000E+00,+2.08539E+00,-14.18945E+00
-13.02000E+00,+2.09516E+00,-14.18945E+00
-13.00000E+00,+2.10492E+00,-14.18945E+00
-12.98000E+00,+2.11469E+00,-14.18945E+00
-12.96000E+00,+2.12445E+00,-14.18945E+00
-12.94000E+00,+2.13422E+00,-14.18945E+00
-12.92000E+00,+2.13422E+00,-14.18945E+00
-12.90000E+00,+2.15375E+00,-14.18945E+00
-12.88000E+00,+2.16352E+00,-14.18945E+00
-12.86000E+00,+2.17328E+00,-14.18945E+00
-12.84000E+00,+2.17328E+00,-14.18945E+00
-12.82000E+00,+2.18305E+00,-14.18945E+00
-12.80000E+00,+2.19281E+00,-14.18945E+00
-12.78000E+00,+2.20258E+00,-14.18945E+00
-12.76000E+00,+2.21234E+00,-14.18945E+00
-12.74000E+00,+2.22211E+00,-14.18945E+00
-12.72000E+00,+2.23187E+00,-14.18945E+00
-12.70000E+00,+2.24164E+00,-14.18945E+00
-12.68000E+00,+2.25141E+00,-14.18945E+00
-12.66000E+00,+2.26117E+00,-14.18945E+00
-12.64000E+00,+2.27094E+00,-14.18945E+00
-12.62000E+00,+2.28070E+00,-14.18945E+00
-12.60000E+00,+2.28070E+00,-14.18945E+00
-12.58000E+00,+2.29047E+00,-14.18945E+00
-12.56000E+00,+2.30023E+00,-14.18945E+00
-12.54000E+00,+2.31000E+00,-14.18945E+00
-12.52000E+00,+2.31977E+00,-14.18945E+00
-12.50000E+00,+2.32953E+00,-14.18945E+00
-12.48000E+00,+2.33930E+00,-14.18945E+00
-12.46000E+00,+2.34906E+00,-14.18945E+00
-12.44000E+00,+2.35883E+00,-14.18945E+00
-12.42000E+00,+2.36859E+00,-14.18945E+00
-12.40000E+00,+2.37836E+00,-14.18945E+00
-12.38000E+00,+2.38812E+00,-14.18945E+00
-12.36000E+00,+2.38812E+00,-14.18945E+00
-12.34000E+00,+2.39789E+00,-14.18945E+00
-12.32000E+00,+2.40766E+00,-14.18945E+00
-12.30000E+00,+2.41742E+00,-14.18945E+00
-12.28000E+00,+2.42719E+00,-14.18945E+00
-12.26000E+00,+2.43695E+00,-14.18945E+00
-12.24000E+00,+2.44672E+00,-14.18945E+00
-12.22000E+00,+2.45648E+00,-14.18945E+00
-12.20000E+00,+2.46625E+00,-14.18945E+00
-12.18000E+00,+2.47602E+00,-14.18945E+00
-12.16000E+00,+2.48578E+00,-14.18945E+00
-12.14000E+00,+2.49555E+00,-14.18945E+00
-12.12000E+00,+2.50531E+00,-14.18945E+00
-12.10000E+00,+2.51508E+00,-14.18945E+00
-12.08000E+00,+2.52484E+00,-14.18945E+00
-12.06000E+00,+2.53461E+00,-14.18945E+00
-12.04000E+00,+2.54437E+00,-14.18945E+00
-12.02000E+00,+2.55414E+00,-14.18945E+00
-12.00000E+00,+2.56391E+00,-14.18945E+00
-11.98000E+00,+2.57367E+00,-14.18945E+00
-11.96000E+00,+2.58344E+00,-14.18945E+00
-11.94000E+00,+2.59320E+00,-14.18945E+00
-11.92000E+00,+2.60297E+00,-14.18945E+00
-11.90000E+00,+2.61273E+00,-14.18945E+00
-11.88000E+00,+2.62250E+00,-14.18945E+00
-11.86000E+00,+2.63227E+00,-14.18945E+00
-11.84000E+00,+2.64203E+00,-14.18945E+00
-11.82000E+00,+2.66156E+00,-14.18945E+00
-11.80000E+00,+2.66156E+00,-14.18945E+00
-11.78000E+00,+2.68109E+00,-14.18945E+00
-11.76000E+00,+2.68109E+00,-14.18945E+00
-11.74000E+00,+2.69086E+00,-14.18945E+00
-11.72000E+00,+2.70062E+00,-14.18945E+00
-11.70000E+00,+2.71039E+00,-14.18945E+00
-11.68000E+00,+2.72016E+00,-14.18945E+00
-11.66000E+00,+2.72992E+00,-14.18945E+00
-11.64000E+00,+2.73969E+00,-14.18945E+00
-11.62000E+00,+2.74945E+00,-14.18945E+00
-11.60000E+00,+2.75922E+00,-14.18945E+00
-11.58000E+00,+2.76898E+00,-14.18945E+00
-11.56000E+00,+2.77875E+00,-14.18945E+00
-11.54000E+00,+2.78852E+00,-14.18945E+00
-11.52000E+00,+2.79828E+00,-14.18945E+00
-11.50000E+00,+2.80805E+00,-14.18945E+00
-11.48000E+00,+2.81781E+00,-14.18945E+00
-11.46000E+00,+2.82758E+00,-14.18945E+00
-11.44000E+00,+2.83734E+00,-14.18945E+00
-11.42000E+00,+2.84711E+00,-14.18945E+00
-11.40000E+00,+2.85687E+00,-14.18945E+00
-11.38000E+00,+2.86664E+00,-14.18945E+00
-11.36000E+00,+2.87641E+00,-14.18945E+00
-11.34000E+00,+2.88617E+00,-14.18945E+00
-11.32000E+00,+2.89594E+00,-14.18945E+00
-11.30000E+00,+2.90570E+00,-14.18945E+00
-11.28000E+00,+2.91547E+00,-14.18945E+00
-11.26000E+00,+2.91547E+00,-14.18945E+00
-11.24000E+00,+2.93500E+00,-14.18945E+00
-11.22000E+00,+2.93500E+00,-14.18945E+00
-11.20000E+00,+2.94477E+00,-14.18945E+00
-11.18000E+00,+2.96430E+00,-14.18945E+00
-11.16000E+00,+2.97406E+00,-14.18945E+00
-11.14000E+00,+2.98383E+00,-14.18945E+00
-11.12000E+00,+2.99359E+00,-14.18945E+00
-11.10000E+00,+3.00336E+00,-14.18945E+00
-11.08000E+00,+3.01312E+00,-14.18945E+00
-11.06000E+00,+3.02289E+00,-14.18945E+00
-11.04000E+00,+3.03266E+00,-14.18945E+00
-11.02000E+00,+3.04242E+00,-14.18945E+00
-11.00000E+00,+3.05219E+00,-14.18945E+00
-10.98000E+00,+3.07172E+00,-14.18945E+00
-10.96000E+00,+3.08148E+00,-14.18945E+00
-10.94000E+00,+3.09125E+00,-14.18945E+00
-10.92000E+00,+3.10102E+00,-14.18945E+00
-10.90000E+00,+3.11078E+00,-14.18945E+00
-10.88000E+00,+3.12055E+00,-14.18945E+00
-10.86000E+00,+3.13031E+00,-14.18945E+00
-10.84000E+00,+3.14008E+00,-14.18945E+00
-10.82000E+00,+3.14984E+00,-14.18945E+00
-10.80000E+00,+3.15961E+00,-14.18945E+00
-10.78000E+00,+3.16937E+00,-14.18945E+00
-10.76000E+00,+3.17914E+00,-14.18945E+00
-10.74000E+00,+3.18891E+00,-14.18945E+00
-10.72000E+00,+3.19867E+00,-14.18945E+00
-10.70000E+00,+3.20844E+00,-14.18945E+00
-10.68000E+00,+3.21820E+00,-14.18945E+00
-10.66000E+00,+3.22797E+00,-14.18945E+00
-10.64000E+00,+3.23773E+00,-14.18945E+00
-10.62000E+00,+3.24750E+00,-14.18945E+00
-10.60000E+00,+3.25727E+00,-14.18945E+00
-10.58000E+00,+3.27680E+00,-14.18945E+00
-10.56000E+00,+3.28656E+00,-14.18945E+00
-10.54000E+00,+3.28656E+00,-14.18945E+00
-10.52000E+00,+3.29633E+00,-14.18945E+00
-10.50000E+00,+3.31586E+00,-14.18945E+00
-10.48000E+00,+3.32562E+00,-14.18945E+00
-10.46000E+00,+3.33539E+00,-14.18945E+00
-10.44000E+00,+3.34516E+00,-14.18945E+00
-10.42000E+00,+3.35492E+00,-14.18945E+00
-10.40000E+00,+3.36469E+00,-14.18945E+00
-10.38000E+00,+3.37445E+00,-14.18945E+00
-10.36000E+00,+3.38422E+00,-14.18945E+00
-10.34000E+00,+3.38422E+00,-14.18945E+00
-10.32000E+00,+3.39398E+00,-14.18945E+00
-10.30000E+00,+3.40375E+00,-14.18945E+00
-10.28000E+00,+3.41352E+00,-14.18945E+00
-10.26000E+00,+3.42328E+00,-14.18945E+00
-10.24000E+00,+3.43305E+00,-14.18945E+00
-10.22000E+00,+3.44281E+00,-14.18945E+00
-10.20000E+00,+3.45258E+00,-14.18945E+00
-10.18000E+00,+3.46234E+00,-14.18945E+00
-10.16000E+00,+3.47211E+00,-14.18945E+00
-10.14000E+00,+3.48187E+00,-14.18945E+00
-10.12000E+00,+3.49164E+00,-14.18945E+00
-10.10000E+00,+3.50141E+00,-14.18945E+00
-10.08000E+00,+3.51117E+00,-14.18945E+00
-10.06000E+00,+3.52094E+00,-14.18945E+00
-10.04000E+00,+3.53070E+00,-14.18945E+00
-10.02000E+00,+3.54047E+00,-14.18945E+00
-10.00000E+00,+3.55023E+00,-14.18945E+00
-9.98000E+00,+3.56000E+00,-14.18945E+00
-9.96000E+00,+3.56977E+00,-14.18945E+00
-9.94000E+00,+3.58930E+00,-14.18945E+00
-9.92000E+00,+3.59906E+00,-14.18945E+00
-9.90000E+00,+3.60883E+00,-14.18945E+00
-9.88000E+00,+3.61859E+00,-14.18945E+00
-9.86000E+00,+3.62836E+00,-14.18945E+00
-9.84000E+00,+3.63812E+00,-14.18945E+00
-9.82000E+00,+3.64789E+00,-14.18945E+00
-9.80000E+00,+3.65766E+00,-14.18945E+00
-9.78000E+00,+3.66742E+00,-14.18945E+00
-9.76000E+00,+3.67719E+00,-14.18945E+00
-9.74000E+00,+3.68695E+00,-14.18945E+00
-9.72000E+00,+3.69672E+00,-14.18945E+00
-9.70000E+00,+3.70648E+00,-14.18945E+00
-9.68000E+00,+3.71625E+00,-14.18945E+00
-9.66000E+00,+3.72602E+00,-14.18945E+00
-9.64000E+00,+3.73578E+00,-14.18945E+00
-9.62000E+00,+3.75531E+00,-14.18945E+00
-9.60000E+00,+3.76508E+00,-14.18945E+00
-9.58000E+00,+3.76508E+00,-14.18945E+00
-9.56000E+00,+3.78461E+00,-14.18945E+00
-9.54000E+00,+3.78461E+00,-14.18945E+00
-9.52000E+00,+3.79437E+00,-14.18945E+00
-9.50000E+00,+3.81391E+00,-14.18945E+00
-9.48000E+00,+3.82367E+00,-14.18945E+00
-9.46000E+00,+3.83344E+00,-14.18945E+00
-9.44000E+00,+3.84320E+00,-14.18945E+00
-9.42000E+00,+3.85297E+00,-14.18945E+00
-9.40000E+00,+3.86273E+00,-14.18945E+00
-9.38000E+00,+3.87250E+00,-14.18945E+00
-9.36000E+00,+3.88227E+00,-14.18945E+00
-9.34000E+00,+3.89203E+00,-14.18945E+00
-9.32000E+00,+3.89203E+00,-14.18945E+00
-9.30000E+00,+3.91156E+00,-14.18945E+00
-9.28000E+00,+3.92133E+00,-14.18945E+00
-9.26000E+00,+3.92133E+00,-14.18945E+00
-9.24000E+00,+3.93109E+00,-14.18945E+00
-9.22000E+00,+3.94086E+00,-14.18945E+00
-9.20000E+00,+3.95062E+00,-14.18945E+00
-9.18000E+00,+3.96039E+00,-14.18945E+00
-9.16000E+00,+3.97016E+00,-14.18945E+00
-9.14000E+00,+3.97992E+00,-14.18945E+00
-9.12000E+00,+3.98969E+00,-14.18945E+00
-9.10000E+00,+3.99945E+00,-14.18945E+00
-9.08000E+00,+4.00922E+00,-14.18945E+00
-9.06000E+00,+4.01898E+00,-14.18945E+00
-9.04000E+00,+4.02875E+00,-14.18945E+00
-9.02000E+00,+4.03852E+00,-14.18945E+00
-9.00000E+00,+4.04828E+00,-14.18945E+00
-8.98000E+00,+4.05805E+00,-14.18945E+00
-8.96000E+00,+4.06781E+00,-14.18945E+00
-8.94000E+00,+4.07758E+00,-14.18945E+00
-8.92000E+00,+4.08734E+00,-14.18945E+00
-8.90000E+00,+4.09711E+00,-14.18945E+00
-8.88000E+00,+4.10687E+00,-14.18945E+00
-8.86000E+00,+4.11664E+00,-14.18945E+00
-8.84000E+00,+4.12641E+00,-14.18945E+00
-8.82000E+00,+4.14594E+00,-14.18945E+00
-8.80000E+00,+4.14594E+00,-14.18945E+00
-8.78000E+00,+4.15570E+00,-14.18945E+00
-8.76000E+00,+4.16547E+00,-14.18945E+00
-8.74000E+00,+4.17523E+00,-14.18945E+00
-8.72000E+00,+4.18500E+00,-14.18945E+00
-8.70000E+00,+4.19477E+00,-14.18945E+00
-8.68000E+00,+4.20453E+00,-14.18945E+00
-8.66000E+00,+4.21430E+00,-14.18945E+00
-8.64000E+00,+4.22406E+00,-14.18945E+00
-8.62000E+00,+4.23383E+00,-14.18945E+00
-8.60000E+00,+4.24359E+00,-14.18945E+00
-8.58000E+00,+4.25336E+00,-14.18945E+00
-8.56000E+00,+4.26312E+00,-14.18945E+00
-8.54000E+00,+4.27289E+00,-14.18945E+00
-8.52000E+00,+4.28266E+00,-14.18945E+00
-8.50000E+00,+4.29242E+00,-14.18945E+00
-8.48000E+00,+4.30219E+00,-14.18945E+00
-8.46000E+00,+4.31195E+00,-14.18945E+00
-8.44000E+00,+4.32172E+00,-14.18945E+00
-8.42000E+00,+4.34125E+00,-14.18945E+00
-8.40000E+00,+4.35102E+00,-14.18945E+00
-8.38000E+00,+4.36078E+00,-14.18945E+00
-8.36000E+00,+4.37055E+00,-14.18945E+00
-8.34000E+00,+4.38031E+00,-14.18945E+00
-8.32000E+00,+4.39008E+00,-14.18945E+00
-8.30000E+00,+4.39984E+00,-14.18945E+00
-8.28000E+00,+4.40961E+00,-14.18945E+00
-8.26000E+00,+4.41937E+00,-14.18945E+00
-8.24000E+00,+4.42914E+00,-14.18945E+00
-8.22000E+00,+4.43891E+00,-14.18945E+00
-8.20000E+00,+4.44867E+00,-14.18945E+00
-8.18000E+00,+4.45844E+00,-14.18945E+00
-8.16000E+00,+4.46820E+00,-14.18945E+00
-8.14000E+00,+4.47797E+00,-14.18945E+00
-8.12000E+00,+4.48773E+00,-14.18945E+00
-8.10000E+00,+4.49750E+00,-14.18945E+00
-8.08000E+00,+4.50727E+00,-14.18945E+00
-8.06000E+00,+4.51703E+00,-14.18945E+00
-8.04000E+00,+4.52680E+00,-14.18945E+00
-8.02000E+00,+4.53656E+00,-14.18945E+00
-8.00000E+00,+4.54633E+00,-14.18945E+00
-7.98000E+00,+4.55609E+00,-14.18945E+00
-7.96000E+00,+4.56586E+00,-14.18945E+00
-7.94000E+00,+4.57562E+00,-14.18945E+00
-7.92000E+00,+4.58539E+00,-14.18945E+00
-7.90000E+00,+4.59516E+00,-14.18945E+00
-7.88000E+00,+4.60492E+00,-14.18945E+00
-7.86000E+00,+4.60492E+00,-14.18945E+00
-7.84000E+00,+4.62445E+00,-14.18945E+00
-7.82000E+00,+4.62445E+00,-14.18945E+00
-7.80000E+00,+4.63422E+00,-14.18945E+00
-7.78000E+00,+4.64398E+00,-14.18945E+00
-7.76000E+00,+4.65375E+00,-14.18945E+00
-7.74000E+00,+4.66352E+00,-14.18945E+00
-7.72000E+00,+4.67328E+00,-14.18945E+00
-7.70000E+00,+4.68305E+00,-14.18945E+00
-7.68000E+00,+4.69281E+00,-14.18945E+00
-7.66000E+00,+4.70258E+00,-14.18945E+00
-7.64000E+00,+4.71234E+00,-14.18945E+00
-7.62000E+00,+4.72211E+00,-14.18945E+00
